,Handle,Date,Text,Compound_Score,Positive_score,Negative_score,Neutral_score
0,@BBC,Mon Apr 02 23:22:44 +0000 2018,"RT @carolecadwalla: Here's the New Yorker covering Cambridge Analytica, AggregateIQ and its links to the British government. The story not…",0.0,0.0,0.0,1.0
1,@BBC,Mon Apr 02 23:22:38 +0000 2018,@BrutalVeracity @DonnaWe51549635 @Eagle50425849 @Icon99558924 @JLadstone @OhRoyalOne @shaistasalam1 @JSinghF… https://t.co/5w6JLfF4kG,0.0,0.0,0.0,1.0
2,@BBC,Mon Apr 02 23:22:31 +0000 2018,RT @DrMahmoudRefaat: #Egypt: #Sisi pretends 24 million participated in #EgyptElection2018 while world media reported no voters in ballots c…,-0.3818,0.0,0.175,0.825
3,@BBC,Mon Apr 02 23:22:24 +0000 2018,@DonnaWe51549635 @Eagle50425849 @cjsienna55 @Icon99558924 @JLadstone @OhRoyalOne @shaistasalam1 @JSinghF @lunermoth… https://t.co/jlWH43287b,0.0,0.0,0.0,1.0
4,@BBC,Mon Apr 02 23:22:24 +0000 2018,"RT @carolecadwalla: Here's the New Yorker covering Cambridge Analytica, AggregateIQ and its links to the British government. The story not…",0.0,0.0,0.0,1.0
5,@BBC,Mon Apr 02 23:22:23 +0000 2018,RT @cjsienna55: @BrutalVeracity @FarSight3 @Eagle50425849 @Icon99558924 @JLadstone @OhRoyalOne @shaistasalam1 @JSinghF @lunermoth @Dausdava…,0.0,0.0,0.0,1.0
6,@BBC,Mon Apr 02 23:22:23 +0000 2018,RT @dontbrexitfixit: You won't see it on @BBC website because it isn't as newsworthy as some dumbass Twatknacker dumping some dead fish int…,-0.8807,0.0,0.338,0.662
7,@BBC,Mon Apr 02 23:22:14 +0000 2018,"RT @Animal_Watch: The illegal wildlife trade is worth £18bn per year, but @wildliferescue are working to turn it around.

#BigCatsAboutTheH…",-0.2144,0.067,0.106,0.828
8,@BBC,Mon Apr 02 23:22:12 +0000 2018,"RT @carolecadwalla: Here's the New Yorker covering Cambridge Analytica, AggregateIQ and its links to the British government. The story not…",0.0,0.0,0.0,1.0
9,@BBC,Mon Apr 02 23:22:10 +0000 2018,"RT @carolecadwalla: Here's the New Yorker covering Cambridge Analytica, AggregateIQ and its links to the British government. The story not…",0.0,0.0,0.0,1.0
10,@BBC,Mon Apr 02 23:22:09 +0000 2018,RT @BrutalVeracity: @cjsienna55 @FarSight3 @Eagle50425849 @Icon99558924 @JLadstone @OhRoyalOne @shaistasalam1 @JSinghF @lunermoth @Dausdava…,0.0,0.0,0.0,1.0
11,@BBC,Mon Apr 02 23:21:59 +0000 2018,"RT @carolecadwalla: Here's the New Yorker covering Cambridge Analytica, AggregateIQ and its links to the British government. The story not…",0.0,0.0,0.0,1.0
12,@BBC,Mon Apr 02 23:21:54 +0000 2018,"RT @carolecadwalla: Oh, right. My mistake. That was the second New Yorker story about Cambridge Analytica, AggregateIQ &amp; its links to the B…",-0.34,0.0,0.098,0.902
13,@BBC,Mon Apr 02 23:21:53 +0000 2018,"RT @carolecadwalla: Here's the New Yorker covering Cambridge Analytica, AggregateIQ and its links to the British government. The story not…",0.0,0.0,0.0,1.0
14,@BBC,Mon Apr 02 23:21:53 +0000 2018,"RT @carolecadwalla: Here's the New Yorker covering Cambridge Analytica, AggregateIQ and its links to the British government. The story not…",0.0,0.0,0.0,1.0
15,@BBC,Mon Apr 02 23:21:51 +0000 2018,@DonnaWe51549635 @Eagle50425849 @cjsienna55 @Icon99558924 @JLadstone @OhRoyalOne @shaistasalam1 @JSinghF @lunermoth… https://t.co/mfl0QkYSNx,0.0,0.0,0.0,1.0
16,@BBC,Mon Apr 02 23:21:51 +0000 2018,@egregormasters1 @BrutalVeracity @Eagle50425849 @Icon99558924 @JLadstone @OhRoyalOne @shaistasalam1 @JSinghF… https://t.co/tsW3JqDUvM,0.0,0.0,0.0,1.0
17,@BBC,Mon Apr 02 23:21:29 +0000 2018,RT @BrutalVeracity: @DonnaWe51549635 @Eagle50425849 @cjsienna55 @Icon99558924 @JLadstone @OhRoyalOne @shaistasalam1 @JSinghF @lunermoth @Da…,0.0,0.0,0.0,1.0
18,@BBC,Mon Apr 02 23:21:26 +0000 2018,@carolecadwalla @WorkPsychol @BBC Although it was on the #bbc on the weekly #technology show @BBCClick with an interview by @spenley,0.0,0.0,0.0,1.0
19,@BBC,Mon Apr 02 23:21:17 +0000 2018,"RT @carolecadwalla: Here's the New Yorker covering Cambridge Analytica, AggregateIQ and its links to the British government. The story not…",0.0,0.0,0.0,1.0
20,@BBC,Mon Apr 02 23:20:56 +0000 2018,RT @BBC: Our favourite #AprilFoolsDay was when spaghetti grew on trees in 1957. https://t.co/qRGuM9NnRZ,0.0,0.0,0.0,1.0
21,@BBC,Mon Apr 02 23:20:52 +0000 2018,"RT @carolecadwalla: Here's the New Yorker covering Cambridge Analytica, AggregateIQ and its links to the British government. The story not…",0.0,0.0,0.0,1.0
22,@BBC,Mon Apr 02 23:20:49 +0000 2018,"RT @carolecadwalla: Here's the New Yorker covering Cambridge Analytica, AggregateIQ and its links to the British government. The story not…",0.0,0.0,0.0,1.0
23,@BBC,Mon Apr 02 23:20:34 +0000 2018,"RT @carolecadwalla: Here's the New Yorker covering Cambridge Analytica, AggregateIQ and its links to the British government. The story not…",0.0,0.0,0.0,1.0
24,@BBC,Mon Apr 02 23:20:34 +0000 2018,"RT @carolecadwalla: Here's the New Yorker covering Cambridge Analytica, AggregateIQ and its links to the British government. The story not…",0.0,0.0,0.0,1.0
25,@BBC,Mon Apr 02 23:20:30 +0000 2018,RT @BrutalVeracity: @cjsienna55 @FarSight3 @Eagle50425849 @Icon99558924 @JLadstone @OhRoyalOne @shaistasalam1 @JSinghF @lunermoth @Dausdava…,0.0,0.0,0.0,1.0
26,@BBC,Mon Apr 02 23:20:30 +0000 2018,"@RocketRacer69 @Byline_Media @carolecadwalla @BBC Corbyn’s hat? Are you serious?

Here’s a present for you, go make… https://t.co/S634kETFxO",-0.168,0.0,0.1,0.9
27,@BBC,Mon Apr 02 23:20:30 +0000 2018,@DonnaWe51549635 @Eagle50425849 @cjsienna55 @Icon99558924 @JLadstone @OhRoyalOne @shaistasalam1 @JSinghF @lunermoth… https://t.co/7dx8GXkFPD,0.0,0.0,0.0,1.0
28,@BBC,Mon Apr 02 23:20:19 +0000 2018,"RT @carolecadwalla: Here's the New Yorker covering Cambridge Analytica, AggregateIQ and its links to the British government. The story not…",0.0,0.0,0.0,1.0
29,@BBC,Mon Apr 02 23:20:13 +0000 2018,RT @cjsienna55: @egregormasters1 @BrutalVeracity @Eagle50425849 @Icon99558924 @JLadstone @OhRoyalOne @shaistasalam1 @JSinghF @lunermoth @Da…,0.0,0.0,0.0,1.0
30,@BBC,Mon Apr 02 23:20:10 +0000 2018,@COutwin @trevdick @lettiemarie17 @BBCNews @Ofcom @BBC @RobbieGibb Numbers are more important. Don't forget it's no… https://t.co/l310LfixDA,0.4629,0.223,0.0,0.777
31,@BBC,Mon Apr 02 23:20:06 +0000 2018,"RT @carolecadwalla: Here's the New Yorker covering Cambridge Analytica, AggregateIQ and its links to the British government. The story not…",0.0,0.0,0.0,1.0
32,@BBC,Mon Apr 02 23:20:02 +0000 2018,"RT @carolecadwalla: Oh, right. My mistake. That was the second New Yorker story about Cambridge Analytica, AggregateIQ &amp; its links to the B…",-0.34,0.0,0.098,0.902
33,@BBC,Mon Apr 02 23:19:57 +0000 2018,RT @Barbara40294093: @Icon99558924 @lunermoth @Eagle50425849 @Dausdava @hairlossclinic1 @curtainpullback @AWAKEALERT @AlgerianPalest @MGasm…,0.0,0.0,0.0,1.0
34,@BBC,Mon Apr 02 23:19:50 +0000 2018,"RT @carolecadwalla: Oh, right. My mistake. That was the second New Yorker story about Cambridge Analytica, AggregateIQ &amp; its links to the B…",-0.34,0.0,0.098,0.902
35,@BBC,Mon Apr 02 23:19:44 +0000 2018,"RT @carolecadwalla: Here's the New Yorker covering Cambridge Analytica, AggregateIQ and its links to the British government. The story not…",0.0,0.0,0.0,1.0
36,@BBC,Mon Apr 02 23:19:40 +0000 2018,"RT @carolecadwalla: Here's the New Yorker covering Cambridge Analytica, AggregateIQ and its links to the British government. The story not…",0.0,0.0,0.0,1.0
37,@BBC,Mon Apr 02 23:19:37 +0000 2018,@BrutalVeracity @cjsienna55 @Eagle50425849 @Icon99558924 @JLadstone @OhRoyalOne @shaistasalam1 @JSinghF @lunermoth… https://t.co/EES0aaP84M,0.0,0.0,0.0,1.0
38,@BBC,Mon Apr 02 23:19:37 +0000 2018,RT @BrutalVeracity: @egregormasters1 @cjsienna55 @Eagle50425849 @Icon99558924 @JLadstone @OhRoyalOne @shaistasalam1 @JSinghF @lunermoth @Da…,0.0,0.0,0.0,1.0
39,@BBC,Mon Apr 02 23:19:36 +0000 2018,"@LennyHenry @bbc ""plantations"" were places of depraved inhumanity inflicted on African ppl. Why would @jamaica allo… https://t.co/MymFZojmd8",0.0,0.0,0.0,1.0
40,@BBC,Mon Apr 02 23:19:29 +0000 2018,"RT @ProfElvanAktas: “Kanl? Tiyatro""
""Deadly Theater""
@cnni @bbc @AP @Reuters @dwnews @FoxNews @ABC @NBCNews @CBS @hrw @ariannahuff @OSCE_RF…",0.0,0.0,0.0,1.0
41,@BBC,Mon Apr 02 23:19:28 +0000 2018,@antonioguterres @BanKimoon_amdg @TeamTrump @realDonaldTrump @KingSalman @HassanRouhani @RoyalFamily @CIA @FBI @bbc https://t.co/GYhVwDPN98,0.0,0.0,0.0,1.0
42,@BBC,Mon Apr 02 23:19:25 +0000 2018,@BrutalVeracity @FarSight3 @Eagle50425849 @Icon99558924 @JLadstone @OhRoyalOne @shaistasalam1 @JSinghF @lunermoth… https://t.co/3hC60ponYt,0.0,0.0,0.0,1.0
43,@BBC,Mon Apr 02 23:19:23 +0000 2018,"RT @carolecadwalla: Here's the New Yorker covering Cambridge Analytica, AggregateIQ and its links to the British government. The story not…",0.0,0.0,0.0,1.0
44,@BBC,Mon Apr 02 23:19:16 +0000 2018,"RT @carolecadwalla: Here's the New Yorker covering Cambridge Analytica, AggregateIQ and its links to the British government. The story not…",0.0,0.0,0.0,1.0
45,@BBC,Mon Apr 02 23:19:04 +0000 2018,@Umbertobaggio @Byline_Media @carolecadwalla @BBC This is simply THE biggest news story going.  The BBC should be a… https://t.co/zPtdDuHgRx,0.0,0.0,0.0,1.0
46,@BBC,Mon Apr 02 23:19:01 +0000 2018,RT @BrutalVeracity: @cjsienna55 @FarSight3 @Eagle50425849 @Icon99558924 @JLadstone @OhRoyalOne @shaistasalam1 @JSinghF @lunermoth @Dausdava…,0.0,0.0,0.0,1.0
47,@BBC,Mon Apr 02 23:18:32 +0000 2018,@RocketRacer69 @robertrea @Byline_Media @carolecadwalla @BBC In full.,0.0,0.0,0.0,1.0
48,@BBC,Mon Apr 02 23:18:32 +0000 2018,@DonnaWe51549635 @Eagle50425849 @cjsienna55 @Icon99558924 @JLadstone @OhRoyalOne @shaistasalam1 @JSinghF @lunermoth… https://t.co/Z8kpQWPCTr,0.0,0.0,0.0,1.0
49,@BBC,Mon Apr 02 23:18:26 +0000 2018,@egregormasters1 @BrutalVeracity @Eagle50425849 @Icon99558924 @JLadstone @OhRoyalOne @shaistasalam1 @JSinghF… https://t.co/GHtPyQKPCd,0.0,0.0,0.0,1.0
50,@BBC,Mon Apr 02 23:18:23 +0000 2018,RT @MissionBlue: Seychelles is growing its marine protected areas from 0.04% to 30% by 2020! https://t.co/y6VrSGo4eU #HopeSpots #OceanOptim…,0.5983,0.234,0.0,0.766
51,@BBC,Mon Apr 02 23:18:18 +0000 2018,"RT @carolecadwalla: Here's the New Yorker covering Cambridge Analytica, AggregateIQ and its links to the British government. The story not…",0.0,0.0,0.0,1.0
52,@BBC,Mon Apr 02 23:18:10 +0000 2018,"RT @carolecadwalla: Here's the New Yorker covering Cambridge Analytica, AggregateIQ and its links to the British government. The story not…",0.0,0.0,0.0,1.0
53,@BBC,Mon Apr 02 23:18:10 +0000 2018,"RT @carolecadwalla: Here's the New Yorker covering Cambridge Analytica, AggregateIQ and its links to the British government. The story not…",0.0,0.0,0.0,1.0
54,@BBC,Mon Apr 02 23:17:57 +0000 2018,"RT @carolecadwalla: Here's the New Yorker covering Cambridge Analytica, AggregateIQ and its links to the British government. The story not…",0.0,0.0,0.0,1.0
55,@BBC,Mon Apr 02 23:17:55 +0000 2018,"RT @carolecadwalla: Here's the New Yorker covering Cambridge Analytica, AggregateIQ and its links to the British government. The story not…",0.0,0.0,0.0,1.0
56,@BBC,Mon Apr 02 23:17:55 +0000 2018,"RT @carolecadwalla: Here's the New Yorker covering Cambridge Analytica, AggregateIQ and its links to the British government. The story not…",0.0,0.0,0.0,1.0
57,@BBC,Mon Apr 02 23:17:53 +0000 2018,@DonnaWe51549635 @Eagle50425849 @cjsienna55 @Icon99558924 @JLadstone @OhRoyalOne @shaistasalam1 @JSinghF @lunermoth… https://t.co/p0fj2eaPuo,0.0,0.0,0.0,1.0
58,@BBC,Mon Apr 02 23:17:49 +0000 2018,"RT @carolecadwalla: Oh, right. My mistake. That was the second New Yorker story about Cambridge Analytica, AggregateIQ &amp; its links to the B…",-0.34,0.0,0.098,0.902
59,@BBC,Mon Apr 02 23:17:42 +0000 2018,"RT @carolecadwalla: Oh, right. My mistake. That was the second New Yorker story about Cambridge Analytica, AggregateIQ &amp; its links to the B…",-0.34,0.0,0.098,0.902
60,@BBC,Mon Apr 02 23:17:37 +0000 2018,RT @Icon99558924: @JSinghF @lunermoth @Eagle50425849 @Dausdava @hairlossclinic1 @curtainpullback @AWAKEALERT @AlgerianPalest @MGasmiaRamzi…,0.0,0.0,0.0,1.0
61,@BBC,Mon Apr 02 23:17:26 +0000 2018,"RT @carolecadwalla: Here's the New Yorker covering Cambridge Analytica, AggregateIQ and its links to the British government. The story not…",0.0,0.0,0.0,1.0
62,@BBC,Mon Apr 02 23:17:17 +0000 2018,"RT @carolecadwalla: Here's the New Yorker covering Cambridge Analytica, AggregateIQ and its links to the British government. The story not…",0.0,0.0,0.0,1.0
63,@BBC,Mon Apr 02 23:17:16 +0000 2018,"RT @carolecadwalla: Here's the New Yorker covering Cambridge Analytica, AggregateIQ and its links to the British government. The story not…",0.0,0.0,0.0,1.0
64,@BBC,Mon Apr 02 23:17:15 +0000 2018,@RocketRacer69 @robertrea @Byline_Media @carolecadwalla @BBC It was on BBC parliament channel. Ch 131 Freeview.,0.0,0.0,0.0,1.0
65,@BBC,Mon Apr 02 23:16:56 +0000 2018,"RT @carolecadwalla: Oh, right. My mistake. That was the second New Yorker story about Cambridge Analytica, AggregateIQ &amp; its links to the B…",-0.34,0.0,0.098,0.902
66,@BBC,Mon Apr 02 23:16:55 +0000 2018,"RT @carolecadwalla: Here's the New Yorker covering Cambridge Analytica, AggregateIQ and its links to the British government. The story not…",0.0,0.0,0.0,1.0
67,@BBC,Mon Apr 02 23:16:47 +0000 2018,RT @DaBigBadWolfie: @Icon99558924 @PedophiliaAlert @JLadstone @OhRoyalOne @shaistasalam1 @JSinghF @lunermoth @Eagle50425849 @Dausdava @hair…,0.0,0.0,0.0,1.0
68,@BBC,Mon Apr 02 23:16:44 +0000 2018,"RT @GhioLena: Under the chaos, there are Angels https://t.co/QNKxFaaI5I @BBCScienceNews  @BBC @BBCWorld @BBCEarth @bbcarts @BBCFrontRow @CN…",-0.5719,0.0,0.198,0.802
69,@BBC,Mon Apr 02 23:16:44 +0000 2018,"RT @carolecadwalla: Oh, right. My mistake. That was the second New Yorker story about Cambridge Analytica, AggregateIQ &amp; its links to the B…",-0.34,0.0,0.098,0.902
70,@BBC,Mon Apr 02 23:16:43 +0000 2018,"RT @occupyjusticema: Monday 16th April .6 months on. be there. 
@TheTimesofMalta @IndependentMlt @LovinMalta @maltatoday @BBC @repubblica @…",0.0,0.0,0.0,1.0
71,@BBC,Mon Apr 02 23:16:41 +0000 2018,"RT @carolecadwalla: Here's the New Yorker covering Cambridge Analytica, AggregateIQ and its links to the British government. The story not…",0.0,0.0,0.0,1.0
72,@BBC,Mon Apr 02 23:16:30 +0000 2018,@BrutalVeracity @DonnaWe51549635 @OhRoyalOne @Eagle50425849 @Icon99558924 @JLadstone @shaistasalam1 @JSinghF… https://t.co/tf6ok8bV8o,0.0,0.0,0.0,1.0
73,@BBC,Mon Apr 02 23:16:30 +0000 2018,RT @GhioLena: Transdisciplinary Art at its best and reason to HOPE: https://t.co/F1zWA8Qruo @BBCScienceNews  @BBC @BBCWorld @BBCEarth @bbca…,0.8331,0.343,0.0,0.657
74,@BBC,Mon Apr 02 23:16:25 +0000 2018,"RT @carolecadwalla: Oh, right. My mistake. That was the second New Yorker story about Cambridge Analytica, AggregateIQ &amp; its links to the B…",-0.34,0.0,0.098,0.902
75,@BBC,Mon Apr 02 23:16:20 +0000 2018,@BBC amazing Dave Allen tonight - memories - used to watch religiously on TV with parents - probs too young to do s… https://t.co/Fx2orZ08iy,0.5859,0.16,0.0,0.84
76,@BBC,Mon Apr 02 23:16:15 +0000 2018,"RT @carolecadwalla: Here's the New Yorker covering Cambridge Analytica, AggregateIQ and its links to the British government. The story not…",0.0,0.0,0.0,1.0
77,@BBC,Mon Apr 02 23:16:12 +0000 2018,"RT @carolecadwalla: Here's the New Yorker covering Cambridge Analytica, AggregateIQ and its links to the British government. The story not…",0.0,0.0,0.0,1.0
78,@BBC,Mon Apr 02 23:16:00 +0000 2018,"RT @carolecadwalla: Here's the New Yorker covering Cambridge Analytica, AggregateIQ and its links to the British government. The story not…",0.0,0.0,0.0,1.0
79,@BBC,Mon Apr 02 23:15:53 +0000 2018,"RT @carolecadwalla: Here's the New Yorker covering Cambridge Analytica, AggregateIQ and its links to the British government. The story not…",0.0,0.0,0.0,1.0
80,@BBC,Mon Apr 02 23:15:50 +0000 2018,"RT @carolecadwalla: Here's the New Yorker covering Cambridge Analytica, AggregateIQ and its links to the British government. The story not…",0.0,0.0,0.0,1.0
81,@BBC,Mon Apr 02 23:15:47 +0000 2018,@DonnaWe51549635 @Eagle50425849 @cjsienna55 @Icon99558924 @JLadstone @OhRoyalOne @shaistasalam1 @JSinghF @lunermoth… https://t.co/2csfQG2aB6,0.0,0.0,0.0,1.0
82,@BBC,Mon Apr 02 23:15:44 +0000 2018,"RT @carolecadwalla: Oh, right. My mistake. That was the second New Yorker story about Cambridge Analytica, AggregateIQ &amp; its links to the B…",-0.34,0.0,0.098,0.902
83,@BBC,Mon Apr 02 23:15:33 +0000 2018,"RT @carolecadwalla: Here's the New Yorker covering Cambridge Analytica, AggregateIQ and its links to the British government. The story not…",0.0,0.0,0.0,1.0
84,@BBC,Mon Apr 02 23:15:32 +0000 2018,"RT @carolecadwalla: Oh, right. My mistake. That was the second New Yorker story about Cambridge Analytica, AggregateIQ &amp; its links to the B…",-0.34,0.0,0.098,0.902
85,@BBC,Mon Apr 02 23:15:27 +0000 2018,UK charging ahead here again!  #GenderEquality @bbc https://t.co/eEt3VjMYE5,0.0,0.0,0.0,1.0
86,@BBC,Mon Apr 02 23:15:27 +0000 2018,"RT @carolecadwalla: Here's the New Yorker covering Cambridge Analytica, AggregateIQ and its links to the British government. The story not…",0.0,0.0,0.0,1.0
87,@BBC,Mon Apr 02 23:15:21 +0000 2018,"RT @carolecadwalla: Here's the New Yorker covering Cambridge Analytica, AggregateIQ and its links to the British government. The story not…",0.0,0.0,0.0,1.0
88,@BBC,Mon Apr 02 23:15:20 +0000 2018,"RT @carolecadwalla: Here's the New Yorker covering Cambridge Analytica, AggregateIQ and its links to the British government. The story not…",0.0,0.0,0.0,1.0
89,@BBC,Mon Apr 02 23:15:20 +0000 2018,@comictog @BBC Tommy is the Irish Messiah...,0.0,0.0,0.0,1.0
90,@BBC,Mon Apr 02 23:15:16 +0000 2018,"RT @carolecadwalla: Here's the New Yorker covering Cambridge Analytica, AggregateIQ and its links to the British government. The story not…",0.0,0.0,0.0,1.0
91,@BBC,Mon Apr 02 23:14:57 +0000 2018,"RT @carolecadwalla: Here's the New Yorker covering Cambridge Analytica, AggregateIQ and its links to the British government. The story not…",0.0,0.0,0.0,1.0
92,@BBC,Mon Apr 02 23:14:43 +0000 2018,"RT @carolecadwalla: Here's the New Yorker covering Cambridge Analytica, AggregateIQ and its links to the British government. The story not…",0.0,0.0,0.0,1.0
93,@BBC,Mon Apr 02 23:14:36 +0000 2018,RT @Icon99558924: @JSinghF @lunermoth @Eagle50425849 @Dausdava @hairlossclinic1 @curtainpullback @AWAKEALERT @AlgerianPalest @MGasmiaRamzi…,0.0,0.0,0.0,1.0
94,@BBC,Mon Apr 02 23:14:33 +0000 2018,"RT @carolecadwalla: Here's the New Yorker covering Cambridge Analytica, AggregateIQ and its links to the British government. The story not…",0.0,0.0,0.0,1.0
95,@BBC,Mon Apr 02 23:14:30 +0000 2018,RT @ManuelJ64662246: Señores de @24HorasTVN @CNNChile les hago recuerd9 que el 17 de Dic. ganó ampliamente la elección presidencial @Chile_…,0.296,0.104,0.0,0.896
96,@BBC,Mon Apr 02 23:14:28 +0000 2018,"RT @JoRichardsKent: @robertrea @Byline_Media @Umbertobaggio @carolecadwalla @BBC Owls, cute babies, PM swaps phone, and a cricket ball all…",0.4588,0.158,0.0,0.842
97,@BBC,Mon Apr 02 23:14:23 +0000 2018,"RT @carolecadwalla: Here's the New Yorker covering Cambridge Analytica, AggregateIQ and its links to the British government. The story not…",0.0,0.0,0.0,1.0
98,@BBC,Mon Apr 02 23:14:22 +0000 2018,"RT @TragaViajes: [#Ayuda] El diario digital @Rosariotres no solo nos roba la foto de portada y el vídeo sin permiso, sino que dice que es d…",-0.7003,0.0,0.201,0.799
99,@BBC,Mon Apr 02 23:14:06 +0000 2018,"RT @BBC: 12-year-old Keilan has severe curvature of the spine. He needs surgery ASAP, but the operation could leave him paralysed... #Hospi…",-0.2732,0.0,0.134,0.866
100,@CBS,Mon Apr 02 23:22:49 +0000 2018,"RT @RF_P0TUS: Dear @NBC, @ABC, @CBS: You are pleased to sully your reputations by having your affiliates parrot Sinclair's state propaganda…",0.6705,0.224,0.0,0.776
101,@CBS,Mon Apr 02 23:22:29 +0000 2018,"RT @MrPEC_Tacular: WHAT A REAL CHAMPION LOOKS LIKE!!!

2x IMPACT TAG CHAMP
5x OVW TAG CHAMP

SOON WORLD CHAMP!!

#YearOfThePECS

#TheMAN #M…",0.9703,0.562,0.0,0.438
102,@CBS,Mon Apr 02 23:22:17 +0000 2018,"RT @RF_P0TUS: Dear @NBC, @ABC, @CBS: You are pleased to sully your reputations by having your affiliates parrot Sinclair's state propaganda…",0.6705,0.224,0.0,0.776
103,@CBS,Mon Apr 02 23:21:17 +0000 2018,"RT @larryelder: “The only thing your mouth is good for is being Vladimir Putin’s cuck holster.” 
--@Stephen Colbert, @StephenAtHome, referr…",0.4404,0.132,0.0,0.868
104,@CBS,Mon Apr 02 23:21:08 +0000 2018,@realDonaldTrump @presssec @CNN @FoxNews @NBCNews @ABC @CBS Even the White House Easter Egg Hunt was Racist. There… https://t.co/akLfWtiDwj,-0.6124,0.0,0.19,0.81
105,@CBS,Mon Apr 02 23:20:18 +0000 2018,@Twitstery @TheView @TuckerCarlson @MeghanMcCain @DLoesch @ABC @CNN @FoxNews @CBS Gun laws don't stop gun violence... As Chicago,0.1341,0.193,0.118,0.689
106,@CBS,Mon Apr 02 23:20:12 +0000 2018,@myhtopoeic @RealRobertBoud #MSNBC @maddow @CBS @cbsaustin @CBSNews @CBSEveningNews @CBSThisMorning… https://t.co/HMkRGGA4Q8,0.0,0.0,0.0,1.0
107,@CBS,Mon Apr 02 23:19:34 +0000 2018,"RT @EkbMary: #HorseKillers on our payroll, used 2 doing their black magic out of the public eye. How dare these paid public employees ignor…",0.0,0.0,0.0,1.0
108,@CBS,Mon Apr 02 23:19:29 +0000 2018,"RT @ProfElvanAktas: “Kanl? Tiyatro""
""Deadly Theater""
@cnni @bbc @AP @Reuters @dwnews @FoxNews @ABC @NBCNews @CBS @hrw @ariannahuff @OSCE_RF…",0.0,0.0,0.0,1.0
109,@CBS,Mon Apr 02 23:18:59 +0000 2018,"RT @larryelder: “The only thing your mouth is good for is being Vladimir Putin’s cuck holster.” 
--@Stephen Colbert, @StephenAtHome, referr…",0.4404,0.132,0.0,0.868
110,@CBS,Mon Apr 02 23:18:50 +0000 2018,@Twitstery @TheView @TuckerCarlson @MeghanMcCain @DLoesch @ABC @CNN @FoxNews @CBS 80% of gun deaths in this country… https://t.co/xmMedZZ7gh,-0.34,0.0,0.13,0.87
111,@CBS,Mon Apr 02 23:17:39 +0000 2018,"So, _all_ the @CBS stations in Idaho? https://t.co/Irt8bwmQvf",0.0,0.0,0.0,1.0
112,@CBS,Mon Apr 02 23:17:04 +0000 2018,"CBS is sometimes referred to as the ""Eye Network"", in reference to the company's iconic logo, in use since 1951. It… https://t.co/1bEdYweggU",0.0,0.0,0.0,1.0
113,@CBS,Mon Apr 02 23:15:44 +0000 2018,"RT @micmac99: @aspiringperson Most of Sinclair's almost 175 stations are affiliated with the major networks, @ABCNetwork @CBS @NBC @FoxTV.…",0.0,0.0,0.0,1.0
114,@CBS,Mon Apr 02 23:15:16 +0000 2018,"RT @RF_P0TUS: Dear @NBC, @ABC, @CBS: You are pleased to sully your reputations by having your affiliates parrot Sinclair's state propaganda…",0.6705,0.224,0.0,0.776
115,@CBS,Mon Apr 02 23:14:51 +0000 2018,"DISGUSTING &amp; TRUE!

@realDonaldTrump @GOP 
@POTUS @OANN @LouDobbs @limbaugh @Varneyco @SenShelby @SenTedCruz… https://t.co/qot102v8M7",-0.2244,0.186,0.233,0.58
116,@CBS,Mon Apr 02 23:13:39 +0000 2018,"@TheDailyEdge I want to know the reason @WaltDisneyCo, @comcast, and @CBS are failing to protect the @ABCNetwork,… https://t.co/nLP4ueU0SB",-0.1027,0.184,0.156,0.66
117,@CBS,Mon Apr 02 23:13:34 +0000 2018,"RT @larryelder: “The only thing your mouth is good for is being Vladimir Putin’s cuck holster.” 
--@Stephen Colbert, @StephenAtHome, referr…",0.4404,0.132,0.0,0.868
118,@CBS,Mon Apr 02 23:13:25 +0000 2018,"RT @1SnoozyQ: ? @CNN @MSNBC @maddow @ABC @CBS
?THE Most Dangerous Thing Happening in America right now that no one's talking about is the #…",-0.6801,0.0,0.203,0.797
119,@CBS,Mon Apr 02 23:12:41 +0000 2018,@BrandiKHOU @igTXSalazar @astros Play Ball?! #Home #OpeningDay #NeverSettle @KHOU @CBS https://t.co/zLniK5dE7W,0.4003,0.212,0.0,0.788
120,@CBS,Mon Apr 02 23:12:17 +0000 2018,"#ThingsPeopleTakeTooSeriousl
@FakeNews
@CNN
@MSN 
@MSNBC
@CBS 
@ABC
@LateNightComedycrap",0.0,0.0,0.0,1.0
121,@CBS,Mon Apr 02 23:11:09 +0000 2018,"@CBS  can you repeat ""39days ""  we need to hear the message louder or do a follow up? Please!",0.3802,0.139,0.0,0.861
122,@CBS,Mon Apr 02 23:09:27 +0000 2018,"RT @larryelder: “The only thing your mouth is good for is being Vladimir Putin’s cuck holster.” 
--@Stephen Colbert, @StephenAtHome, referr…",0.4404,0.132,0.0,0.868
123,@CBS,Mon Apr 02 23:09:20 +0000 2018,"RT @tanyaclexakru: @warnerbrostv @CBS @LivinBiblically @jrfergjr HeyWarner,WeNeed #LexaAlive,WeNeedGoodRepresentation,#RepresentationMatter…",0.0,0.0,0.0,1.0
124,@CBS,Mon Apr 02 23:08:53 +0000 2018,RT @JimHeathTV: The @fcc should review #Sinclair immediately &amp; the networks should warn that they will revoke their partnership with local…,-0.1027,0.0,0.065,0.935
125,@CBS,Mon Apr 02 23:08:36 +0000 2018,.@CBS's Armando Nunez will back @Ten_Corporate's homegrown strategy &amp; has committed to long-term support   https://t.co/wHukrNbYo3,0.5859,0.27,0.0,0.73
126,@CBS,Mon Apr 02 23:08:06 +0000 2018,"RT @ChuckyKype: .@CBS , .@nbc , .@ABCNetwork , .@FOXTV , .@CNN , .@MSNBC , .@FoxNews https://t.co/FZRHY9blXQ",0.0,0.0,0.0,1.0
127,@CBS,Mon Apr 02 23:07:44 +0000 2018,"RT @PatriotTamme: ------    #ReleaseTheNames of the Congressmen we have paid on their behalf in over $17 million in sex cases.
@realDonaldT…",0.0,0.0,0.0,1.0
128,@CBS,Mon Apr 02 23:07:36 +0000 2018,"RT @AmericanMetal1: @realDonaldTrump Here is a list of all stations owned by @WeAreSinclair Broadcasting stations. They include @ABC, @NBC,…",0.0,0.0,0.0,1.0
129,@CBS,Mon Apr 02 23:07:32 +0000 2018,"RT @ChuckyKype: .@CBS , .@nbc , .@ABCNetwork , .@FOXTV , .@CNN , .@MSNBC , .@FoxNews https://t.co/FZRHY9blXQ",0.0,0.0,0.0,1.0
130,@CBS,Mon Apr 02 23:07:20 +0000 2018,"RT @ProfElvanAktas: “Kanl? Tiyatro""
""Deadly Theater""
@cnni @bbc @AP @Reuters @dwnews @FoxNews @ABC @NBCNews @CBS @hrw @ariannahuff @OSCE_RF…",0.0,0.0,0.0,1.0
131,@CBS,Mon Apr 02 23:07:17 +0000 2018,Shame on Sinclair Broadcast Group @WeAreSinclair.  This is NOT what journalism is about.  And the ever-odious… https://t.co/jZZpPtT6o9,-0.4767,0.0,0.162,0.838
132,@CBS,Mon Apr 02 23:07:04 +0000 2018,"RT @AskAmy_: @LonnieQuinnTV @Yankees @CBSNewYork @CBS @CBSNews If weather is any consideration,
I hope, and other Yankee fans I'm sure, tha…",0.6369,0.224,0.0,0.776
133,@CBS,Mon Apr 02 23:06:02 +0000 2018,RT @PatriotArmy50: @CB618444 @60Minutes @andersoncooper @CBS @REALtrumpbureau @DonnaWR8 @bgood12345 @G1rly_Tattoo3d @_SierraWhiskee @ImJust…,0.0,0.0,0.0,1.0
134,@CBS,Mon Apr 02 23:05:51 +0000 2018,"RT @PoliticsDogs: @AlecMacGillis I've asked this in a couple other places, but has anyone asked @ABC , @CBS , @nbc and @FOXTV how they feel…",0.0,0.0,0.0,1.0
135,@CBS,Mon Apr 02 23:05:24 +0000 2018,"RT @larryelder: “The only thing your mouth is good for is being Vladimir Putin’s cuck holster.” 
--@Stephen Colbert, @StephenAtHome, referr…",0.4404,0.132,0.0,0.868
136,@CBS,Mon Apr 02 23:05:13 +0000 2018,"@NPR I want to know the reason @WaltDisneyCo, @comcast, and @CBS are failing to protect the @ABCNetwork, @nbc, and… https://t.co/t3iCc2Ozv3",-0.1027,0.168,0.142,0.69
137,@CBS,Mon Apr 02 23:05:04 +0000 2018,"“Kanl? Tiyatro""
""Deadly Theater""
@cnni @bbc @AP @Reuters @dwnews @FoxNews @ABC @NBCNews @CBS @hrw @ariannahuff… https://t.co/hY8phZKTLJ",0.0,0.0,0.0,1.0
138,@CBS,Mon Apr 02 23:04:49 +0000 2018,@washingtonpost  @CBS @NewYorker @nytimes @guardian ALL #PedophiliaMedia #PizzaGate -fake news is raping &amp; killing… https://t.co/2U0LD8d6sT,-0.836,0.0,0.378,0.622
139,@CBS,Mon Apr 02 23:04:40 +0000 2018,"@LonnieQuinnTV @Yankees @CBSNewYork @CBS @CBSNews If weather is any consideration,
I hope, and other Yankee fans I'… https://t.co/CG5qPGmnxt",0.4404,0.153,0.0,0.847
140,@CBS,Mon Apr 02 23:03:59 +0000 2018,"RT @micmac99: Hey @ABCNetwork @CBS @NBC @FOXTV if you guys refuse to stand up to @WeAreSinclair that means YOU have no commitment to ""real…",-0.2023,0.093,0.157,0.75
141,@CBS,Mon Apr 02 23:03:55 +0000 2018,"@NewsHour @WmBrangham I want to know the reason @WaltDisneyCo, @comcast, and @CBS are failing to protect the… https://t.co/hCR0U6ww4F",-0.1027,0.184,0.156,0.66
142,@CBS,Mon Apr 02 23:03:00 +0000 2018,"RT @larryelder: “The only thing your mouth is good for is being Vladimir Putin’s cuck holster.” 
--@Stephen Colbert, @StephenAtHome, referr…",0.4404,0.132,0.0,0.868
143,@CBS,Mon Apr 02 23:01:28 +0000 2018,"@JimHeathTV @FCC @ABCNetwork @CBS @nbc @TheCW There are no objective news outlets, and the left dominates news outlets.",-0.25,0.062,0.113,0.825
144,@CBS,Mon Apr 02 23:01:12 +0000 2018,"RT @_CFJ_: RIP Laquante 28y/o

Shot Jul 13
https://t.co/lnhrz1F6Tm

#BlackLivesMatter??Protest??

@POTUS??

@CBS @ABC @NBC @CNN @MSNBC&amp; @PO…",0.0,0.0,0.0,1.0
145,@CBS,Mon Apr 02 23:01:11 +0000 2018,"RT @ChuckyKype: .@CBS , .@nbc , .@ABCNetwork , .@FOXTV , .@CNN , .@MSNBC , .@FoxNews https://t.co/FZRHY9blXQ",0.0,0.0,0.0,1.0
146,@CBS,Mon Apr 02 23:00:24 +0000 2018,RT @Uberficker: Networks should pull their affiliations from all @WeAreSinclair broadcast stations. We are the the citizens of this United…,0.0,0.0,0.0,1.0
147,@CBS,Mon Apr 02 23:00:01 +0000 2018,"RT @PatriotTamme: ------    #ReleaseTheNames of the Congressmen we have paid on their behalf in over $17 million in sex cases.
@realDonaldT…",0.0,0.0,0.0,1.0
148,@CBS,Mon Apr 02 22:59:29 +0000 2018,"@JohnJHarwood I’m not sure that @CBS, @NBC, and @ABC really want to be associated with Faux News style propaganda,… https://t.co/fgpFRcWRgY",-0.0948,0.074,0.091,0.835
149,@CBS,Mon Apr 02 22:59:03 +0000 2018,RT @CBS: No one does it quite like @eltonofficial. The artist himself will belt out some of his chart-topping hits on Elton John: I'm Still…,0.1513,0.1,0.079,0.822
150,@CBS,Mon Apr 02 22:58:28 +0000 2018,@consequence @CBS just gave the fake news quote from Sinclair. ???????? So why is @StephenKing’s series coming on there ???!???,-0.6544,0.0,0.186,0.814
151,@CBS,Mon Apr 02 22:57:49 +0000 2018,RT @linzkraft: Watch these clips!! They’re really funny and sweet. And then maybe watch the show tomorrow night!? You’ll smile and laugh- I…,0.9251,0.414,0.0,0.586
152,@CBS,Mon Apr 02 22:56:53 +0000 2018,"RT @Obamaisnuts: I totally disagree with WaPo @washingtonpost @nytimes @ABC @NBCNews @CBS @CNN is #FakeNewsMedia 

This small Minority of #…",-0.4391,0.0,0.138,0.862
153,@CBS,Mon Apr 02 22:56:12 +0000 2018,RT @LRick1960: @CBS won’t be watching network till you deal with Sinclair! #SinclairStrike,0.0,0.0,0.0,1.0
154,@CBS,Mon Apr 02 22:54:57 +0000 2018,RT @LRick1960: @CBS won’t be watching network till you deal with Sinclair! #SinclairStrike,0.0,0.0,0.0,1.0
155,@CBS,Mon Apr 02 22:54:25 +0000 2018,RT @microrex21: @HamillHimself @CNN @MSNBC @facebook @ABC @NBC @ABC @CBS and ever news paper in the last 150 years have been nothing but pr…,0.0,0.0,0.0,1.0
156,@CBS,Mon Apr 02 22:54:17 +0000 2018,"RT @ChuckyKype: .@CBS , .@nbc , .@ABCNetwork , .@FOXTV , .@CNN , .@MSNBC , .@FoxNews https://t.co/FZRHY9blXQ",0.0,0.0,0.0,1.0
157,@CBS,Mon Apr 02 22:54:15 +0000 2018,"RT @CB618444: Hey @60Minutes what was #StormyDaniels answer when u asked why she wrote this ?in January? 

?Oh that's right, u didn't ask.…",0.0,0.0,0.0,1.0
158,@CBS,Mon Apr 02 22:54:02 +0000 2018,@JimHeathTV @FCC @ABCNetwork @CBS @nbc @TheCW America's tv networks have always been one big warmongering commercia… https://t.co/Y90btqXzFW,-0.5423,0.0,0.179,0.821
159,@CBS,Mon Apr 02 22:53:04 +0000 2018,"RT @winniekruger: Grandes medios de comunicación sesgados: @ABC, @CBS, y @NBCNews le concedieron casi media hora a la March for Our Lives (…",0.0,0.0,0.0,1.0
160,@CBS,Mon Apr 02 22:52:55 +0000 2018,#OneDollar: Casting announced for @CBS All Access mystery series https://t.co/V3UP46nJog https://t.co/xxNmEd7HfC,0.0,0.0,0.0,1.0
161,@CBS,Mon Apr 02 22:52:07 +0000 2018,"RT @VoicingMyMind: @hughhewitt is too far to the right, he can't see the forest for the trees, remove him from MSNBC! @MSNBC @CNN @ABC @CBS…",0.0,0.0,0.0,1.0
162,@CBS,Mon Apr 02 22:51:51 +0000 2018,@HamillHimself @CNN @MSNBC @facebook @ABC @NBC @ABC @CBS and ever news paper in the last 150 years have been nothin… https://t.co/mtEd50A3u1,0.0,0.0,0.0,1.0
163,@CBS,Mon Apr 02 22:51:40 +0000 2018,The @fcc should review #Sinclair immediately &amp; the networks should warn that they will revoke their partnership wit… https://t.co/6f7G4YvqJ9,-0.1027,0.0,0.072,0.928
164,@CBS,Mon Apr 02 22:50:40 +0000 2018,@CNN @MSNBC @maddow @JoyAnnReid @CBS @nbc @ABC @nytimes @JeffBezos @washingtonpost Nobody with a brain has any resp… https://t.co/ChOg5rif7I,0.0,0.0,0.0,1.0
165,@CBS,Mon Apr 02 22:50:32 +0000 2018,@AmericanMetal1 @realDonaldTrump @WeAreSinclair @ABC @nbc @CBS @FoxNews Your link doesn't work.,0.0,0.0,0.0,1.0
166,@CBS,Mon Apr 02 22:50:26 +0000 2018,@EKANardini @barstoolvantalk @nbc @CBS @espn did they beat 'em last week?,0.0,0.0,0.0,1.0
167,@CBS,Mon Apr 02 22:50:21 +0000 2018,"RT @micmac99: @aspiringperson Most of Sinclair's almost 175 stations are affiliated with the major networks, @ABCNetwork @CBS @NBC @FoxTV.…",0.0,0.0,0.0,1.0
168,@CBS,Mon Apr 02 22:50:06 +0000 2018,"RT @Obamaisnuts: I totally disagree with WaPo @washingtonpost @nytimes @ABC @NBCNews @CBS @CNN is #FakeNewsMedia 

This small Minority of #…",-0.4391,0.0,0.138,0.862
169,@CBS,Mon Apr 02 22:49:58 +0000 2018,@DallasFanzine @CBS #Dallas40 bring back the greatest series of all time the next generation is ready.,0.7717,0.324,0.0,0.676
170,@CBS,Mon Apr 02 22:49:54 +0000 2018,"@hughhewitt is too far to the right, he can't see the forest for the trees, remove him from MSNBC! @MSNBC @CNN @ABC… https://t.co/HXRtwwSvMo",0.0,0.0,0.0,1.0
171,@CBS,Mon Apr 02 22:49:43 +0000 2018,RT @Myrddn: I think @NBC @CBS @ABC had better examine their relationship with #SinclairBroadcasting. Please let the networks know how you f…,0.6369,0.215,0.0,0.785
172,@CBS,Mon Apr 02 22:49:33 +0000 2018,@MikeCampana @mattdpearce @nbc @CBS @ABCNetwork do it?. Damn we need an edit button.,-0.4019,0.0,0.184,0.816
173,@CBS,Mon Apr 02 22:48:03 +0000 2018,RT @Myrddn: I think @NBC @CBS @ABC had better examine their relationship with #SinclairBroadcasting. Please let the networks know how you f…,0.6369,0.215,0.0,0.785
174,@CBS,Mon Apr 02 22:48:02 +0000 2018,"RT @PatriotTamme: ------    #ReleaseTheNames of the Congressmen we have paid on their behalf in over $17 million in sex cases.
@realDonaldT…",0.0,0.0,0.0,1.0
175,@CBS,Mon Apr 02 22:47:44 +0000 2018,"I totally disagree with WaPo @washingtonpost @nytimes @ABC @NBCNews @CBS @CNN is #FakeNewsMedia 

This small Minori… https://t.co/TB6bvCIp7Y",-0.4391,0.0,0.162,0.838
176,@CBS,Mon Apr 02 22:46:34 +0000 2018,@mommikat2 @CBS Who’s BEX?,0.0,0.0,0.0,1.0
177,@CBS,Mon Apr 02 22:45:29 +0000 2018,"RT @Anacamp68049489: @warnerbrostv @CBS @LivinBiblically @jrfergjr We are still bleeding, the wound is still open, we need Lexa to come bac…",0.0,0.0,0.0,1.0
178,@CBS,Mon Apr 02 22:45:28 +0000 2018,"RT @lad_lew: @realDonaldTrump @jaredkushner @parscale @CamAnalytica Full interview with @Parscale via @CBS 60 Minutes.
* Wonder if Mueller…",0.0,0.0,0.0,1.0
179,@CBS,Mon Apr 02 22:45:25 +0000 2018,If the legitimate #MSM: @abc @nbc @cbs @cnn @msnbc don't call out the lies @realDonaldTrump and the @GOP says then… https://t.co/FreAvJOc4V,-0.4215,0.0,0.123,0.877
180,@CBS,Mon Apr 02 22:45:12 +0000 2018,"RT @PraQJoao: @warnerbrostv @CBS @LivinBiblically @jrfergjr Hey Warner respctefuly .... Please, we need a character like Lexa alive. Its be…",0.7506,0.316,0.0,0.684
181,@CBS,Mon Apr 02 22:45:03 +0000 2018,"@warnerbrostv @CBS @LivinBiblically @jrfergjr We are still bleeding, the wound is still open, we need Lexa to come… https://t.co/yZ2Fr2TRRm",0.0,0.0,0.0,1.0
182,@CBS,Mon Apr 02 22:45:00 +0000 2018,@CBS  #Dallas 40 years time to bring back the next generation since at @tntdrama failed and rudely cancel the series,-0.8176,0.0,0.333,0.667
183,@CBS,Mon Apr 02 22:44:47 +0000 2018,"RT @PatriotTamme: ------    #ReleaseTheNames of the Congressmen we have paid on their behalf in over $17 million in sex cases.
@realDonaldT…",0.0,0.0,0.0,1.0
184,@CBS,Mon Apr 02 22:44:23 +0000 2018,"RT @RussiaConnects: ""This is extremely dangerous to our democracy.""

What is? Watch.

@FoxNews @FOXTV @ABC @NBC @MSNBC @CNBC @CBS @BBC @BBC…",-0.5256,0.0,0.145,0.855
185,@CBS,Mon Apr 02 22:44:19 +0000 2018,@sharpestbulb @johannaihli @ABC @Alyssa_Milano @CBS @FoxNews @NBCNews @jimmykimmel If a pattern of jumping to concl… https://t.co/ATPnIAzwRr,0.0,0.0,0.0,1.0
186,@CBS,Mon Apr 02 22:44:13 +0000 2018,Listen up lying propaganda assholes: @CNN @MSNBC @maddow @JoyAnnReid @cbs @nbc @abc @nytimes @JeffBezos… https://t.co/j5twer5eNb,-0.8481,0.0,0.434,0.566
187,@CBS,Mon Apr 02 22:43:46 +0000 2018,"RT @PatriotTamme: ------    #ReleaseTheNames of the Congressmen we have paid on their behalf in over $17 million in sex cases.
@realDonaldT…",0.0,0.0,0.0,1.0
188,@CNN,Mon Apr 02 23:22:52 +0000 2018,@RealCandaceO @Acosta @CNN While we're talking credentials you think Kushner should have the level of access he does?,0.0,0.0,0.0,1.0
189,@CNN,Mon Apr 02 23:22:52 +0000 2018,"@jeffblev @CNN REally? You've all been pretty silent, acquising as NRA says they do speak for you. You might want t… https://t.co/VvxjvzKVfN",0.5423,0.184,0.0,0.816
190,@CNN,Mon Apr 02 23:22:52 +0000 2018,"RT @CNN: Roger Stone's potential ties to WikiLeaks and its founder, Julian Assange, are being investigated by special counsel Robert Muelle…",0.4019,0.119,0.0,0.881
191,@CNN,Mon Apr 02 23:22:51 +0000 2018,RT @CNN: The giant panda is no longer an endangered species https://t.co/Tl5tM3Xzbg https://t.co/SaUdIGvLUO,-0.296,0.0,0.155,0.845
192,@CNN,Mon Apr 02 23:22:51 +0000 2018,@reereespirit @ashtonbirdie @Patrickpetty23 @CNN @joanwalsh @KyleKashuv Really you fail to see the comparison to so… https://t.co/iM1ncDIFJv,-0.5829,0.0,0.201,0.799
193,@CNN,Mon Apr 02 23:22:51 +0000 2018,"@CNN But she looks so normal! So humane!
I wish all the as*holes had a mark on their forehead or something...?",0.5518,0.165,0.0,0.835
194,@CNN,Mon Apr 02 23:22:51 +0000 2018,@littlerapguy @CNN ..English?,0.0,0.0,0.0,1.0
195,@CNN,Mon Apr 02 23:22:50 +0000 2018,@Ark_Tor @parscale @CNN  https://t.co/ETMg3tm3Dv,0.0,0.0,0.0,1.0
196,@CNN,Mon Apr 02 23:22:50 +0000 2018,"RT @CNN: A Florida middle school teacher is resigning after it was found she was also the host of a white supremacist podcast called ""Unapo…",-0.1027,0.061,0.078,0.861
197,@CNN,Mon Apr 02 23:22:50 +0000 2018,"RT @CNN: A Florida middle school teacher is resigning after it was found she was also the host of a white supremacist podcast called ""Unapo…",-0.1027,0.061,0.078,0.861
198,@CNN,Mon Apr 02 23:22:49 +0000 2018,"RT @RealCandaceO: For the record, when @donlemon invited me onto his show, I said yes. I fundamentally disagree with him on everything, but…",0.0258,0.111,0.107,0.782
199,@CNN,Mon Apr 02 23:22:49 +0000 2018,RT @parscale: Maybe it is time for Jim Acosta to get a suspension for breaking protocol. He continues to embarrass himself and @CNN. Pull h…,-0.296,0.0,0.087,0.913
200,@CNN,Mon Apr 02 23:22:49 +0000 2018,"RT @CNN: ""Right now in this country there are millions of people who are working 2 or 3 jobs because wages are much too low,"" Sen. Bernie S…",0.0,0.0,0.0,1.0
201,@CNN,Mon Apr 02 23:22:48 +0000 2018,"RT @nange_magro: ?( ?• ·? • ??)? My interview with @cnn  @cnnstyle ??? You can check the full video on cnnstyle. com ?

#nangemagro #deadlo…",0.0,0.0,0.0,1.0
202,@CNN,Mon Apr 02 23:22:48 +0000 2018,"RT @johncardillo: .@Acosta is inappropriate and classless. 

No wonder he does so well @CNN.",0.1384,0.162,0.13,0.708
203,@CNN,Mon Apr 02 23:22:48 +0000 2018,"RT @rameshchahal: #SaintMSG_Initiative57
#?????_??
??????? ????? ??????? ???????? ?? ?????? ?? ???? @derasachasauda ?? 684 ?????? ?? ???? ?…",0.0,0.0,0.0,1.0
204,@CNN,Mon Apr 02 23:22:48 +0000 2018,RT @PetzMom: @RedPillTweets @Ark_Tor @parscale @CNN Actually the left is standing alongside them and marveling at their bravery. #ImpeachTr…,0.4939,0.151,0.0,0.849
205,@CNN,Mon Apr 02 23:22:48 +0000 2018,"Cable News Ratings Friday March 30

Average Viewers . . . 
6 am to Midnight
@FoxNews 1,478,167
@MSNBC   1,126,325… https://t.co/wYTmqldMiu",0.0,0.0,0.0,1.0
206,@CNN,Mon Apr 02 23:22:47 +0000 2018,"RT @CNN: A Florida middle school teacher is resigning after it was found she was also the host of a white supremacist podcast called ""Unapo…",-0.1027,0.061,0.078,0.861
207,@CNN,Mon Apr 02 23:22:47 +0000 2018,"@TomCurle @CNN Apples are roses
Bananas are berries
CNN Sucks!

All true.",0.1511,0.198,0.16,0.641
208,@CNN,Mon Apr 02 23:22:46 +0000 2018,"RT @NeverTrumpTexan: @parscale @CNN Protocol? Personally profiting off the Presidency is breaking protocol. 

Reporters asking questions is…",0.3818,0.14,0.0,0.86
209,@CNN,Mon Apr 02 23:22:46 +0000 2018,"RT @CNN: A Florida middle school teacher is resigning after it was found she was also the host of a white supremacist podcast called ""Unapo…",-0.1027,0.061,0.078,0.861
210,@CNN,Mon Apr 02 23:22:45 +0000 2018,"RT @HoarseWisperer: Jesus H. Christmas Cookies, .@CNN.

Stop with these stupid panels of women who voted for Trump.

The host could bring i…",-0.6808,0.0,0.211,0.789
211,@CNN,Mon Apr 02 23:22:45 +0000 2018,@JamesonFoge @PetzMom @RedPillTweets @Ark_Tor @parscale @CNN Economy and deregulation I’ve conceded. You e said not… https://t.co/VB8ndTPMzT,0.0,0.0,0.0,1.0
212,@CNN,Mon Apr 02 23:22:44 +0000 2018,"RT @CNN: Wall Street is sending President Trump a message: Don't start a trade war. And lay off Amazon, one of the most important companies…",0.7131,0.258,0.0,0.742
213,@CNN,Mon Apr 02 23:22:44 +0000 2018,RT @CNN: The giant panda is no longer an endangered species https://t.co/Tl5tM3Xzbg https://t.co/SaUdIGvLUO,-0.296,0.0,0.155,0.845
214,@CNN,Mon Apr 02 23:22:43 +0000 2018,@CNN This old man will go down like the most incompetent potus this country ever had. He is a jerk.,-0.5095,0.103,0.238,0.659
215,@CNN,Mon Apr 02 23:22:43 +0000 2018,"RT @13WJM: To be fair, #immigration is FAR from the only thing @realDonaldTrump is ignorant about, but it helps to break things down to one…",0.5423,0.177,0.054,0.769
216,@CNN,Mon Apr 02 23:22:42 +0000 2018,"RT @RealCandaceO: For the record, when @donlemon invited me onto his show, I said yes. I fundamentally disagree with him on everything, but…",0.0258,0.111,0.107,0.782
217,@CNN,Mon Apr 02 23:22:42 +0000 2018,RT @CNN: JUST IN: White House confirms President Trump and Russian President Vladimir Putin discussed the possibility of meeting at the Whi…,0.0,0.0,0.0,1.0
218,@CNN,Mon Apr 02 23:22:42 +0000 2018,"RT @IgnitedTrueWord: @CNN As you sow so shall you reap ?
She did deserve to get the hell of school systems, she never belonged with our inn…",-0.6808,0.0,0.155,0.845
219,@CNN,Mon Apr 02 23:22:42 +0000 2018,"RT @CNN: Roger Stone's potential ties to WikiLeaks and its founder, Julian Assange, are being investigated by special counsel Robert Muelle…",0.4019,0.119,0.0,0.881
220,@CNN,Mon Apr 02 23:22:42 +0000 2018,"RT @JonathanFlora3: @parscale @CNN Jim Acosta is a journalist, journalists ask questions. Maybe the President should hold an actual press c…",0.0,0.0,0.0,1.0
221,@CNN,Mon Apr 02 23:22:42 +0000 2018,"@RealCandaceO @Acosta @CNN Like I said if they would stop him from coming in it would stop, they need to see if the… https://t.co/h4xx15EdwN",-0.2263,0.093,0.164,0.743
222,@CNN,Mon Apr 02 23:22:41 +0000 2018,"RT @CNN: A Florida middle school teacher is resigning after it was found she was also the host of a white supremacist podcast called ""Unapo…",-0.1027,0.061,0.078,0.861
223,@CNN,Mon Apr 02 23:22:41 +0000 2018,"RT @CNN: A Florida middle school teacher is resigning after it was found she was also the host of a white supremacist podcast called ""Unapo…",-0.1027,0.061,0.078,0.861
224,@CNN,Mon Apr 02 23:22:40 +0000 2018,RT @JimmyKa72236240: @CNN @CNNOpinion IT WILL NEVER GET OFF THE GROUND AFTER THE USA FINISHES THEIR NEW LASER SPACE WEAPON,-0.4466,0.0,0.134,0.866
225,@CNN,Mon Apr 02 23:22:40 +0000 2018,"RT @MillenPolitics: Can’t rally.
Can’t kneel.
Can’t march.
Can’t boycott.
Can’t assemble.

What’s the right way to protest, @CNN? https://t…",-0.5106,0.0,0.193,0.807
226,@CNN,Mon Apr 02 23:22:40 +0000 2018,@CNN That will come back to bite Republicans in November... #BlueWaveIsComing  #VoteThemOut2018,0.0,0.0,0.0,1.0
227,@CNN,Mon Apr 02 23:22:40 +0000 2018,RT @Jeb2619: @CNN Lmfao the ignorance that comes out of this fat boys mouth is amazing. Trump and myself as a Trump supporter just got to l…,0.7845,0.277,0.074,0.649
228,@CNN,Mon Apr 02 23:22:39 +0000 2018,@CNN Jim Acosta has NO BUSINESS IN THE WHITE HOUSE PRESS POOL!!! He is a ridiculous JOKE!,-0.5673,0.13,0.293,0.577
229,@CNN,Mon Apr 02 23:22:39 +0000 2018,"RT @CNN: Winnie Mandela, the South African anti-apartheid activist and former wife of the late President Nelson Mandela, has died at the ag…",-0.5574,0.0,0.141,0.859
230,@CNN,Mon Apr 02 23:22:38 +0000 2018,@BrutalVeracity @DonnaWe51549635 @Eagle50425849 @Icon99558924 @JLadstone @OhRoyalOne @shaistasalam1 @JSinghF… https://t.co/5w6JLfF4kG,0.0,0.0,0.0,1.0
231,@CNN,Mon Apr 02 23:22:38 +0000 2018,"RT @rameshchahal: #SaintMSG_Initiative58
#?????_??_?????
??? ?????? ???? ?????? ??????? ?? ???? ???? ?? ???? ???? ??????? ????????? ?? ??…",0.0,0.0,0.0,1.0
232,@CNN,Mon Apr 02 23:22:38 +0000 2018,"RT @CNN: Roger Stone's potential ties to WikiLeaks and its founder, Julian Assange, are being investigated by special counsel Robert Muelle…",0.4019,0.119,0.0,0.881
233,@CNN,Mon Apr 02 23:22:38 +0000 2018,"RT @MillenPolitics: Can’t rally.
Can’t kneel.
Can’t march.
Can’t boycott.
Can’t assemble.

What’s the right way to protest, @CNN? https://t…",-0.5106,0.0,0.193,0.807
234,@CNN,Mon Apr 02 23:22:38 +0000 2018,RT @CNN: The giant panda is no longer an endangered species https://t.co/Tl5tM3Xzbg https://t.co/SaUdIGvLUO,-0.296,0.0,0.155,0.845
235,@CNN,Mon Apr 02 23:22:38 +0000 2018,@ihssaann @CNN They get triggered easy,0.4404,0.367,0.0,0.633
236,@CNN,Mon Apr 02 23:22:36 +0000 2018,RT @CNN: The giant panda is no longer an endangered species https://t.co/Tl5tM3Xzbg https://t.co/SaUdIGvLUO,-0.296,0.0,0.155,0.845
237,@CNN,Mon Apr 02 23:22:36 +0000 2018,@CNN potato ass bitch,-0.8074,0.0,0.785,0.215
238,@CNN,Mon Apr 02 23:22:36 +0000 2018,@CNN let her racist friends pay her way. https://t.co/hGMpVM5dSY,-0.3182,0.214,0.372,0.414
239,@CNN,Mon Apr 02 23:22:36 +0000 2018,"RT @CNN: Here's how Micheal Brown celebrated his acceptance to Stanford. The 17-year-old from Houston, Texas, applied to 20 of the best uni…",0.8979,0.353,0.0,0.647
240,@CNN,Mon Apr 02 23:22:36 +0000 2018,"RT @CNN: BREAKING: Winnie Mandela, the South African anti-apartheid activist and former wife of the late President Nelson Mandela, has died…",0.0,0.0,0.0,1.0
241,@CNN,Mon Apr 02 23:22:36 +0000 2018,@parscale @CNN Trump: Using children as human shields against big bad reporters since '18!,-0.5848,0.0,0.226,0.774
242,@CNN,Mon Apr 02 23:22:34 +0000 2018,@CNN  https://t.co/G9PjBKzgOZ,0.0,0.0,0.0,1.0
243,@CNN,Mon Apr 02 23:22:34 +0000 2018,"RT @CNN: A Florida middle school teacher is resigning after it was found she was also the host of a white supremacist podcast called ""Unapo…",-0.1027,0.061,0.078,0.861
244,@CNN,Mon Apr 02 23:22:34 +0000 2018,"@CNN Adios, hate monger. When will people learn that racist hatred has no place in society?",-0.9337,0.0,0.54,0.46
245,@CNN,Mon Apr 02 23:22:33 +0000 2018,@destination1111 @SamPepper1965 @Ialbabakri @Rainbojangles @SpoonMatrix @linanloo @malkaavram @M0sstr00per… https://t.co/kq4k9IOhZd,0.0,0.0,0.0,1.0
246,@CNN,Mon Apr 02 23:22:32 +0000 2018,"RT @RealCandaceO: For the record, when @donlemon invited me onto his show, I said yes. I fundamentally disagree with him on everything, but…",0.0258,0.111,0.107,0.782
247,@CNN,Mon Apr 02 23:22:31 +0000 2018,RT @Op_Liberti: While @CNN is busy conjuring up #FakeNews the same can be observed regarding @MSNBC. It appears #NXIVM isn't allowed to be…,0.0,0.0,0.0,1.0
248,@CNN,Mon Apr 02 23:22:31 +0000 2018,"RT @rameshchahal: #?????
#SaintMSG_Initiative59
@derasachasauda ??????? ??? ??? ??????? ??? ???? ?? ?? ???? ?? ????????? ????? ?? ????? ??…",0.0,0.0,0.0,1.0
249,@CNN,Mon Apr 02 23:22:31 +0000 2018,@parscale @CNN Go back to Russia or where ever you came from.,0.0,0.0,0.0,1.0
250,@CNN,Mon Apr 02 23:22:30 +0000 2018,"@parscale @CNN You be smoking hash, pot, Elmers glue?",0.0,0.0,0.0,1.0
251,@CNN,Mon Apr 02 23:22:30 +0000 2018,@TelcoJ @CNN @Celgene @TMobile @GEICO @Progressive @abbvie @Nutrisystem @BMW @NordVPN @ATT @GoodRx I agree. I calle… https://t.co/0X0uLsCUZV,0.3612,0.152,0.0,0.848
252,@CNN,Mon Apr 02 23:22:30 +0000 2018,"RT @OHenryHernandez: @CNN [[[ Sean Hannity:
""There will be a civil war if Mueller
finds anything on Trump""
https://t.co/fDj3mXODKF ]]]

…As…",-0.5994,0.0,0.17,0.83
253,@CNN,Mon Apr 02 23:22:29 +0000 2018,"RT @MillenPolitics: Can’t rally.
Can’t kneel.
Can’t march.
Can’t boycott.
Can’t assemble.

What’s the right way to protest, @CNN? https://t…",-0.5106,0.0,0.193,0.807
254,@CNN,Mon Apr 02 23:22:29 +0000 2018,RT @CNN: President Trump has nominated Justin Muzinich as the Treasury Department's deputy secretary. He will serve as Treasury Secretary S…,0.3818,0.159,0.0,0.841
255,@CNN,Mon Apr 02 23:22:29 +0000 2018,@Acosta @BarackObama @CNN @realDonaldTrump @RealJamesWoods @seanhannity @TuckerCarlson anyone remember when Preside… https://t.co/CUy7Yqaqhb,0.0,0.0,0.0,1.0
256,@CNN,Mon Apr 02 23:22:28 +0000 2018,"@parscale @CNN Seems to me, Trump was the one telling children about our bigger better stronger everything, NOT Aco… https://t.co/tbSnW4MTKp",0.6705,0.234,0.0,0.766
257,@CNN,Mon Apr 02 23:22:28 +0000 2018,"RT @SebGorka: Despicable. 

@Acosta is a self-aggrandizing activist hack. 

And @CNN has lost all pretense of being a provider of news. 

h…",-0.3182,0.0,0.108,0.892
258,@CNN,Mon Apr 02 23:22:28 +0000 2018,"RT @CNN: Oklahoma teachers are rallying and walking out of classes, expressing frustration over funding and salaries.

Follow for live upda…",-0.4767,0.0,0.134,0.866
259,@CNN,Mon Apr 02 23:22:28 +0000 2018,@CNN Has Maxine Waters been fired yet?,-0.5574,0.0,0.375,0.625
260,@CNN,Mon Apr 02 23:22:28 +0000 2018,RT @CNN: This 17-year-old applied to 20 of the best universities in the US and was admitted to every single one with a full ride — and $260…,0.6808,0.189,0.0,0.811
261,@CNN,Mon Apr 02 23:22:27 +0000 2018,"RT @midnightride20: I hope #CNN keeps Jim Acosta as their @WhiteHouse correspondent. 

@Acosta embarrasses himself and @CNN every time he s…",0.0516,0.123,0.114,0.763
262,@CNN,Mon Apr 02 23:22:27 +0000 2018,"@CNN's latest display of hypocrisy and bias:

JFK? His infidelity was ""legendary.""
Trump? He's a sexual predator.… https://t.co/vndFOXh6VR",-0.1926,0.0,0.099,0.901
263,@CNN,Mon Apr 02 23:22:27 +0000 2018,RT @theplayapreneur: #ThisIsNot1968 &amp; Because I have yet to be able to encourage the @CityOfMemphis &amp; @MayorMemphis to act with integrity &amp;…,0.7096,0.237,0.0,0.763
264,@CNN,Mon Apr 02 23:22:27 +0000 2018,"RT @MillenPolitics: Can’t rally.
Can’t kneel.
Can’t march.
Can’t boycott.
Can’t assemble.

What’s the right way to protest, @CNN? https://t…",-0.5106,0.0,0.193,0.807
265,@CNN,Mon Apr 02 23:22:25 +0000 2018,"RT @CNN: A Florida middle school teacher is resigning after it was found she was also the host of a white supremacist podcast called ""Unapo…",-0.1027,0.061,0.078,0.861
266,@CNN,Mon Apr 02 23:22:25 +0000 2018,"RT @Clyatt: @realDonaldTrump Unlike @realDonaldTrump I worked on-air for #SINclair for 5 years in both #Baltimore &amp; #Harrisburg, I’ll be ta…",0.0,0.0,0.0,1.0
267,@CNN,Mon Apr 02 23:22:25 +0000 2018,The IGNORANT people on @CNN like @PaulBegala @ErinBurnett are calling @realDonaldTrump a racist for wanting to stop… https://t.co/YQJsDORUpB,-0.6523,0.107,0.293,0.6
268,@CNN,Mon Apr 02 23:22:25 +0000 2018,@vestonash @NeverTrumpTexan @SteveSm43146088 @parscale @CNN  https://t.co/ajGVhDYNOI,0.0,0.0,0.0,1.0
269,@CNN,Mon Apr 02 23:22:25 +0000 2018,@CNN $50 says he wasn't vetted.,0.0,0.0,0.0,1.0
270,@CNN,Mon Apr 02 23:22:24 +0000 2018,"RT @RealCandaceO: For the record, when @donlemon invited me onto his show, I said yes. I fundamentally disagree with him on everything, but…",0.0258,0.111,0.107,0.782
271,@CNN,Mon Apr 02 23:22:24 +0000 2018,"RT @memeddrews: Tourismus Boykott für die Türkei
#BoycottTurkeyTourism
@BILD
@DeutscheWelle
@AFP
@nytimes
@CNN
@BBCBreaking
@BBCWorld
@Reut…",-0.5994,0.0,0.206,0.794
272,@CNN,Mon Apr 02 23:22:24 +0000 2018,RT @heavyduti1: @RealCandaceO @pittsburghbuz @Acosta @CNN @Acosta must have Tourette Syndrome.   His only talent apparently.,0.4215,0.167,0.0,0.833
273,@CNN,Mon Apr 02 23:22:24 +0000 2018,@DonnaWe51549635 @Eagle50425849 @cjsienna55 @Icon99558924 @JLadstone @OhRoyalOne @shaistasalam1 @JSinghF @lunermoth… https://t.co/jlWH43287b,0.0,0.0,0.0,1.0
274,@CNN,Mon Apr 02 23:22:23 +0000 2018,RT @cjsienna55: @BrutalVeracity @FarSight3 @Eagle50425849 @Icon99558924 @JLadstone @OhRoyalOne @shaistasalam1 @JSinghF @lunermoth @Dausdava…,0.0,0.0,0.0,1.0
275,@CNN,Mon Apr 02 23:22:23 +0000 2018,"RT @JonathanFlora3: @parscale @CNN Jim Acosta is a journalist, journalists ask questions. Maybe the President should hold an actual press c…",0.0,0.0,0.0,1.0
276,@CNN,Mon Apr 02 23:22:22 +0000 2018,"RT @KyleKashuv: Just so everyone knows, @CNN would NEVER take a side. @joanwalsh https://t.co/BN6qgYYPyG",0.0,0.0,0.0,1.0
277,@CNN,Mon Apr 02 23:22:22 +0000 2018,"RT @CNN: A Florida middle school teacher is resigning after it was found she was also the host of a white supremacist podcast called ""Unapo…",-0.1027,0.061,0.078,0.861
278,@CNN,Mon Apr 02 23:22:22 +0000 2018,"RT @CNN: Teachers in Oklahoma are walking out of school in protest, demanding better salaries and funding from lawmakers.

Watch live on Fa…",0.0,0.108,0.146,0.746
279,@CNN,Mon Apr 02 23:22:22 +0000 2018,@parscale @CNN Maybe Jim should stop trying to yell at the President. You can ask him a question and if he chooses… https://t.co/a3LZoZe91h,-0.296,0.0,0.095,0.905
280,@CNN,Mon Apr 02 23:22:22 +0000 2018,RT @Cordarryll: Retweet... I love @CNN,0.6369,0.512,0.0,0.488
281,@CNN,Mon Apr 02 23:22:22 +0000 2018,RT @CNN: The giant panda is no longer an endangered species https://t.co/Tl5tM3Xzbg https://t.co/SaUdIGvLUO,-0.296,0.0,0.155,0.845
282,@CNN,Mon Apr 02 23:22:21 +0000 2018,"RT @ari_russian: Jim Acosta INAPPROPRIATELY yelling at Trump in front of children at White House Easter Egg Hunt. 

Time for ALL @cnn adver…",0.0,0.0,0.0,1.0
283,@CNN,Mon Apr 02 23:22:21 +0000 2018,"#???????_????_?????_???????635 
#StopEnslavingSaudiWomen 
@BBCWorld @TheAtlantic @hrw @CNN",0.0,0.0,0.0,1.0
284,@CNN,Mon Apr 02 23:22:21 +0000 2018,"RT @thebradfordfile: Jim Acosta doesn't need to be fired. What he needs is a timeout, an hour in the corner and all his toys taken away.

@…",-0.5574,0.0,0.126,0.874
285,@CNN,Mon Apr 02 23:22:21 +0000 2018,RT @JimmyKa72236240: @CNN NO KIDDING,-0.2023,0.264,0.364,0.372
286,@CNN,Mon Apr 02 23:22:20 +0000 2018,"RT @CNN: Winnie Mandela, the South African anti-apartheid activist and former wife of the late President Nelson Mandela, has died at the ag…",-0.5574,0.0,0.141,0.859
287,@CNN,Mon Apr 02 23:22:19 +0000 2018,"@parscale @CNN Wow Brad, think you’ll like prison? Maybe with a beach like Guantanamo?",0.7059,0.427,0.154,0.419
288,@FoxNews,Mon Apr 02 23:22:53 +0000 2018,RT @FoxNews: BREAKING: #Trump administration sues California over federal land sales https://t.co/qIsZuWiPwZ,0.0,0.0,0.0,1.0
289,@FoxNews,Mon Apr 02 23:22:52 +0000 2018,"RT @MAGAVoice: ??? 
BEST NEWS of the DAY
  #MondayMotivaton  ?
I feel like dancing ?
?@FoxNews 
Congrats Laura. We ??You. https://t.co/xNxp…",0.8964,0.419,0.0,0.581
290,@FoxNews,Mon Apr 02 23:22:52 +0000 2018,RT @realDonaldTrump: Governor Jerry “Moonbeam” Brown pardoned 5 criminal illegal aliens whose crimes include (1) Kidnapping and Robbery (2)…,-0.7269,0.079,0.293,0.628
291,@FoxNews,Mon Apr 02 23:22:52 +0000 2018,"RT @FoxNews: .@kimguilfoyle: “@POTUS didn’t kill DACA…I think the Democrats killed it, and people who were too entrenched in their own poli…",-0.8807,0.0,0.315,0.685
292,@FoxNews,Mon Apr 02 23:22:52 +0000 2018,"RT @realMikeLindell: I did not take my advertising down from @IngrahamAngle and @FoxNews, nor do I intend to. @seanhannity",0.0,0.0,0.0,1.0
293,@FoxNews,Mon Apr 02 23:22:52 +0000 2018,@FoxNews Someone along the way told this genius that she was funny. It’s all their fault !,0.126,0.16,0.136,0.704
294,@FoxNews,Mon Apr 02 23:22:52 +0000 2018,@FoxNews @TomiLahren @seanhannity @realDonaldTrump @RealJamesWoods @MarkDice @Education4Libs @Liz_Wheeler… https://t.co/GROUY4tWXg,0.0,0.0,0.0,1.0
295,@FoxNews,Mon Apr 02 23:22:52 +0000 2018,@ron7227 @rolandsmartin @EugeneMcCarty @Realjeanguy @RealCandaceO @TPUSA @FoxNews @TJMShow @MichaelSteele EXCELLENT!!!,0.7437,0.371,0.0,0.629
296,@FoxNews,Mon Apr 02 23:22:51 +0000 2018,RT @funder: .@FoxNews-It’s time for you to #FireIngraham. Everyone who retweets this agrees. What she did was wrong &amp; it requires terminati…,-0.2732,0.08,0.124,0.797
297,@FoxNews,Mon Apr 02 23:22:51 +0000 2018,@stephies_world @FoxNews @IngrahamAngle This is brilliant news! Liberals were telling me Fox abandoned her. So glad… https://t.co/80lytqsORB,0.2714,0.185,0.136,0.679
298,@FoxNews,Mon Apr 02 23:22:51 +0000 2018,@realMikeLindell @IngrahamAngle @FoxNews @seanhannity Thank you for not falling for those bullying tactics Mr. Lind… https://t.co/NtC1DFJ0Yp,-0.2396,0.189,0.187,0.624
299,@FoxNews,Mon Apr 02 23:22:50 +0000 2018,"RT @NothingYouHear: ?Cheers!?
Thank you @FoxNews
We all know that doing the right thing is sometimes the hardest path to walk!
#IStandWithL…",0.4738,0.128,0.0,0.872
300,@FoxNews,Mon Apr 02 23:22:49 +0000 2018,@i95DanCT @cougargurl @DeanObeidallah @Mediaite @ATT @FoxNews @IngrahamAngle @verizon @sprint @TMobile Oh. My feeli… https://t.co/tjFn2JpGPz,0.0,0.0,0.0,1.0
301,@FoxNews,Mon Apr 02 23:22:49 +0000 2018,"RT @peaceandjoy101: Thank you @FoxNews!!!

Laura Ingraham is watched and loved by millions. 

I will vigorously support her advertisers.…",0.8879,0.45,0.0,0.55
302,@FoxNews,Mon Apr 02 23:22:49 +0000 2018,"RT @KamVTV: That moment when @FoxNews say they support @IngrahamAngle after Democrats and children try to bully her. 

-Merica https://t.co…",-0.128,0.113,0.134,0.753
303,@FoxNews,Mon Apr 02 23:22:49 +0000 2018,@FoxNews That’s sad!! I thought the problem in Florida was solved because they banned armalite rifles in that state… https://t.co/RDcAZ1OSdz,-0.8065,0.079,0.354,0.566
304,@FoxNews,Mon Apr 02 23:22:49 +0000 2018,"RT @RF_P0TUS: Dear @NBC, @ABC, @CBS: You are pleased to sully your reputations by having your affiliates parrot Sinclair's state propaganda…",0.6705,0.224,0.0,0.776
305,@FoxNews,Mon Apr 02 23:22:49 +0000 2018,@belikemike @millinos @FoxNews @WhiteHouse The worst news for Americans! Russia is NOT our ally! They are our enemy… https://t.co/c3sagUdlva,-0.6892,0.0,0.206,0.794
306,@FoxNews,Mon Apr 02 23:22:48 +0000 2018,"@GusTheTerror @FoxNews We laugh at Faux fake media! We like 
Kathy!",0.555,0.376,0.174,0.45
307,@FoxNews,Mon Apr 02 23:22:48 +0000 2018,@realMikeLindell @IngrahamAngle @FoxNews @seanhannity Thank you!!,0.4738,0.381,0.0,0.619
308,@FoxNews,Mon Apr 02 23:22:48 +0000 2018,RT @FoxNews: BREAKING: #Trump administration sues California over federal land sales https://t.co/qIsZuWiPwZ,0.0,0.0,0.0,1.0
309,@FoxNews,Mon Apr 02 23:22:48 +0000 2018,"Cable News Ratings Friday March 30

Average Viewers . . . 
6 am to Midnight
@FoxNews 1,478,167
@MSNBC   1,126,325… https://t.co/wYTmqldMiu",0.0,0.0,0.0,1.0
310,@FoxNews,Mon Apr 02 23:22:47 +0000 2018,"RT @FoxNews: .@PressSec on @POTUS, DACA: “He wanted to see something get done and Democrats refused to actually put something on the table…",-0.296,0.0,0.091,0.909
311,@FoxNews,Mon Apr 02 23:22:47 +0000 2018,@BUDDHAsPALM @TheJusticeDept @realDonaldTrump @seanhannity @FoxNews @dbongino Haha y’all keep throwing shit at the… https://t.co/3M1Ni6PZts,-0.1531,0.161,0.194,0.645
312,@FoxNews,Mon Apr 02 23:22:47 +0000 2018,"RT @AmericanHotLips: @FoxNews is #StandWithLauraIngram by releasing a no nonsense statement of support??

“We cannot and will not allow voi…",-0.6774,0.0,0.291,0.709
313,@FoxNews,Mon Apr 02 23:22:46 +0000 2018,RT @FoxNews: Stoneman Douglas students return to class mandatory carrying clear backpacks https://t.co/arcZRqMaEb,0.4404,0.262,0.0,0.738
314,@FoxNews,Mon Apr 02 23:22:46 +0000 2018,Air Force veteran sues after being pulled from ceremony mid-speech via the @FoxNews App @RepMikeJohnson ? https://t.co/VIRZGvZSOL,0.0,0.0,0.0,1.0
315,@FoxNews,Mon Apr 02 23:22:46 +0000 2018,@esjacobs @FoxNews it was funny watching the old ho apologize and cry after,0.0516,0.247,0.178,0.575
316,@FoxNews,Mon Apr 02 23:22:46 +0000 2018,@bristei @FoxNews @IngrahamAngle Does she bully and threaten them too?,-0.7003,0.0,0.42,0.58
317,@FoxNews,Mon Apr 02 23:22:45 +0000 2018,"@AngelusMendez @daiconrad @minter1a @1765e88972254c9 @FoxNews @kimguilfoyle @POTUS @schumer Checked. 
https://t.co/5orcbsHJEk",0.0,0.0,0.0,1.0
318,@FoxNews,Mon Apr 02 23:22:44 +0000 2018,RT @FoxNews: Stoneman Douglas students return to class mandatory carrying clear backpacks https://t.co/arcZRqMaEb,0.4404,0.262,0.0,0.738
319,@FoxNews,Mon Apr 02 23:22:43 +0000 2018,RT @FoxNews: Students at Florida high school stage walkout in support of Second Amendment https://t.co/u8qoYHEqlW,0.1027,0.15,0.128,0.722
320,@FoxNews,Mon Apr 02 23:22:43 +0000 2018,"@FoxNews You got 2 things right you have red hair and your obnoxious. Funny, NO.",-0.4648,0.146,0.299,0.555
321,@FoxNews,Mon Apr 02 23:22:43 +0000 2018,"RT @DallasIrey: #Trympville will always #StandWithIngraham
David Hogg who??
Laura is a mother of three adopted children who devotes her lif…",0.4515,0.135,0.0,0.865
322,@FoxNews,Mon Apr 02 23:22:43 +0000 2018,RT @GodcallsBS: ? VIOLENCE PROVACATEURS. Call it what it is. Thats what @seanhannity and @FoxNews has become. They will destroy Fox News wi…,-0.8531,0.0,0.294,0.706
323,@FoxNews,Mon Apr 02 23:22:43 +0000 2018,"RT @AmericanHotLips: @FoxNews is #StandWithLauraIngram by releasing a no nonsense statement of support??

“We cannot and will not allow voi…",-0.6774,0.0,0.291,0.709
324,@FoxNews,Mon Apr 02 23:22:43 +0000 2018,RT @buffet_juridico: @FoxNews Mexico is NOT gonna do it! They Hate US! Mexico is actually AIDING AS WE SPEAK The Caravan &amp; helping them to…,-0.4738,0.075,0.145,0.78
325,@FoxNews,Mon Apr 02 23:22:42 +0000 2018,"RT @AnthemRespect: ????????????
FOX NEWS STANDS WITH LAURA

@FoxNews @IngrahamAngle 
???????????
#IstandWithLaura
#BoycottTheBoycotters 

#…",0.0,0.0,0.0,1.0
326,@FoxNews,Mon Apr 02 23:22:42 +0000 2018,RT @FoxNews: Stoneman Douglas students return to class mandatory carrying clear backpacks https://t.co/arcZRqMaEb,0.4404,0.262,0.0,0.738
327,@FoxNews,Mon Apr 02 23:22:42 +0000 2018,"RT @FoxNews: .@DiamondandSilk on @JoeBiden: ""The people [voting Democrat] need to look at this person that represents the Democratic Party.…",0.0,0.0,0.0,1.0
328,@FoxNews,Mon Apr 02 23:22:41 +0000 2018,"RT @realMikeLindell: I did not take my advertising down from @IngrahamAngle and @FoxNews, nor do I intend to. @seanhannity",0.0,0.0,0.0,1.0
329,@FoxNews,Mon Apr 02 23:22:41 +0000 2018,RT @caputo12_caputo: @FoxNews Lying Mexican ??,-0.5267,0.0,0.405,0.595
330,@FoxNews,Mon Apr 02 23:22:40 +0000 2018,RT @ron7227: @rolandsmartin @EugeneMcCarty @Realjeanguy @RealCandaceO @TPUSA @FoxNews @TJMShow @MichaelSteele I’ll bet Hannity would be wil…,0.0,0.0,0.0,1.0
331,@FoxNews,Mon Apr 02 23:22:40 +0000 2018,@FoxNews Nope not happening! You’re just a loser!,-0.6103,0.0,0.399,0.601
332,@FoxNews,Mon Apr 02 23:22:39 +0000 2018,RT @Molanlave: Dems stalling on DACA awaiting caravans of illegal future recipients to cross Mexico to breach our souther border. Don’t let…,-0.6597,0.0,0.213,0.787
333,@FoxNews,Mon Apr 02 23:22:39 +0000 2018,@FoxNews Did the guy who shot up that school bring athe fun in his back pack?,0.5106,0.18,0.0,0.82
334,@FoxNews,Mon Apr 02 23:22:39 +0000 2018,RT @SIIA_US: Thank you @newtgingrich @FoxNews for recognizing the pain of #H4Dreamers while their parents wait in a #70yearsGreenCardBacklo…,-0.2023,0.115,0.151,0.734
335,@FoxNews,Mon Apr 02 23:22:39 +0000 2018,RT @GinnyMiata: @RealSaavedra @A1lilDog I love this! Thank you @FoxNews!,0.8252,0.522,0.0,0.478
336,@FoxNews,Mon Apr 02 23:22:39 +0000 2018,@Treyintexas3 @realDonaldTrump @FoxNews That's your president.Wouldn't ever let Bill Clinton off for what he did in… https://t.co/93PpFQdHw2,0.0,0.0,0.0,1.0
337,@FoxNews,Mon Apr 02 23:22:39 +0000 2018,"RT @HoarseWisperer: I take this as a challenge. 

You wanna carry a host with no advertisers, .@FoxNews?

We’ll see how long your principle…",-0.2263,0.06,0.102,0.837
338,@FoxNews,Mon Apr 02 23:22:39 +0000 2018,RT @MAGAALLTHEWAY: Statement from Jack Abernethy the Co president for @FoxNews in regards to @IngrahamAngle: https://t.co/7ZFdkU2Bk4,0.0,0.0,0.0,1.0
339,@FoxNews,Mon Apr 02 23:22:38 +0000 2018,@BrutalVeracity @DonnaWe51549635 @Eagle50425849 @Icon99558924 @JLadstone @OhRoyalOne @shaistasalam1 @JSinghF… https://t.co/5w6JLfF4kG,0.0,0.0,0.0,1.0
340,@FoxNews,Mon Apr 02 23:22:38 +0000 2018,@FoxNews I want her to be eaten by a pack of wild squirrels.,0.0772,0.115,0.0,0.885
341,@FoxNews,Mon Apr 02 23:22:38 +0000 2018,@bristei @FoxNews @IngrahamAngle I wonder if Laura's children have ever had to survive a school massacre only to be… https://t.co/WGvSjH9LL4,0.0,0.0,0.0,1.0
342,@FoxNews,Mon Apr 02 23:22:38 +0000 2018,@ProudLiberal11 @FoxNews @POTUS  https://t.co/9ykRYBzviY,0.0,0.0,0.0,1.0
343,@FoxNews,Mon Apr 02 23:22:37 +0000 2018,"RT @realMikeLindell: I did not take my advertising down from @IngrahamAngle and @FoxNews, nor do I intend to. @seanhannity",0.0,0.0,0.0,1.0
344,@FoxNews,Mon Apr 02 23:22:37 +0000 2018,@lifeandstuff247 @julissaarce @marthamaccallum @FoxNews @realDonaldTrump She’s not the one to do it that’s for sure… https://t.co/AD3F5Kxdvl,0.0,0.0,0.0,1.0
345,@FoxNews,Mon Apr 02 23:22:37 +0000 2018,RT @OMGno2trump: OMG #MAGA. This is pure stupid and disinformation.  TRUMP PERSONALLY KILLED DACA by executive order in 2017 because it was…,-0.8636,0.0,0.302,0.698
346,@FoxNews,Mon Apr 02 23:22:36 +0000 2018,@FoxNews Hahaha ?,0.5574,0.783,0.0,0.217
347,@FoxNews,Mon Apr 02 23:22:36 +0000 2018,RT @casey4700: @FoxNews I wonder if a group of 1200 or more americans met them at the border to stop them who would be arrested the america…,-0.6486,0.0,0.187,0.813
348,@FoxNews,Mon Apr 02 23:22:35 +0000 2018,"@Marc28828576 @FoxNews Ask the sold out venues she sold this past month, they'll know.",0.0,0.0,0.0,1.0
349,@FoxNews,Mon Apr 02 23:22:35 +0000 2018,RT @SL1733: VICTORY! Fox News Stands By Laura Ingraham; Slams David Hogg Led Boycott as 'Agenda-Driven Intimidation' https://t.co/r4Sxys63X…,-0.6588,0.0,0.252,0.748
350,@FoxNews,Mon Apr 02 23:22:35 +0000 2018,"@FoxNews @Richardafowler Right, Richard!  Dreamers call ""Our way or the Highway"" NEGOTIATING!  Besides, the issue o… https://t.co/BGho4e5Z7J",0.0,0.0,0.0,1.0
351,@FoxNews,Mon Apr 02 23:22:34 +0000 2018,RT @kimT9410: @FoxNews Trump and Ivanka both sell their product on Amazon.,0.1779,0.134,0.0,0.866
352,@FoxNews,Mon Apr 02 23:22:34 +0000 2018,@realMikeLindell @IngrahamAngle @FoxNews @seanhannity I'll be buying a couple of your pillows. Thank you for being a good human being.,0.6597,0.252,0.0,0.748
353,@FoxNews,Mon Apr 02 23:22:34 +0000 2018,"RT @realMikeLindell: I did not take my advertising down from @IngrahamAngle and @FoxNews, nor do I intend to. @seanhannity",0.0,0.0,0.0,1.0
354,@FoxNews,Mon Apr 02 23:22:33 +0000 2018,RT @DMR4USSenateCA: @FoxNews Who is he kidding?,0.1027,0.189,0.0,0.811
355,@FoxNews,Mon Apr 02 23:22:33 +0000 2018,RT @RodStryker: @MAGANinaJo @MikeTokes @Education4Libs @GovMikeHuckabee @FoxNews @Thomas1774Paine @TuckerCarlson @charliekirk11 @marklevins…,0.0,0.0,0.0,1.0
356,@FoxNews,Mon Apr 02 23:22:33 +0000 2018,"RT @mmenzel765: Dear FOX News, You’re the number 1 cable news network. ACT LIKE IT! Stop letting Media Matters and a teenage bully @davidho…",0.2789,0.285,0.18,0.535
357,@FoxNews,Mon Apr 02 23:22:32 +0000 2018,"RT @rkotinsky: Rainbows Time - 4 -2 -2018 - Durant Florida 

https://t.co/OSyNcBLRH7 

  @StormHour @PaulFox13 @FloridianCreat1 @bn9weather…",0.0,0.0,0.0,1.0
358,@FoxNews,Mon Apr 02 23:22:32 +0000 2018,"RT @FoxNews: .@kimguilfoyle: “@POTUS didn’t kill DACA…I think the Democrats killed it, and people who were too entrenched in their own poli…",-0.8807,0.0,0.315,0.685
359,@FoxNews,Mon Apr 02 23:22:32 +0000 2018,Is anyone surprised @FoxNews supports @IngrahamAngle? Everyone at Fox cums whenever kids are killed in schools. Why… https://t.co/Y8uOlOtaTn,-0.2732,0.184,0.188,0.628
360,@FoxNews,Mon Apr 02 23:22:32 +0000 2018,"@FoxNews No, Kathy, it cannot happen to me. I'm not even 1/1000th as vile as you.",-0.743,0.0,0.31,0.69
361,@FoxNews,Mon Apr 02 23:22:31 +0000 2018,"@realMikeLindell @IngrahamAngle @FoxNews @seanhannity Good for you ,i just bought some of your pillows from Bed,Bat… https://t.co/jrsdsVWMU7",0.4404,0.153,0.0,0.847
362,@FoxNews,Mon Apr 02 23:22:31 +0000 2018,RT @retiredairforce: @FoxNews Now tell us another one Ambassador. If you were so concerned about a secure border with the US you would have…,0.3947,0.108,0.0,0.892
363,@FoxNews,Mon Apr 02 23:22:31 +0000 2018,RT @OMGno2trump: Let me explain what Trump really means here.  Going with the so called nuclear option means going to single party rule.  I…,0.4019,0.105,0.0,0.895
364,@FoxNews,Mon Apr 02 23:22:31 +0000 2018,@jurgmeister @FoxNews Seems like a strong case of NIMBY...,0.7003,0.492,0.0,0.508
365,@FoxNews,Mon Apr 02 23:22:30 +0000 2018,"RT @realMikeLindell: I did not take my advertising down from @IngrahamAngle and @FoxNews, nor do I intend to. @seanhannity",0.0,0.0,0.0,1.0
366,@FoxNews,Mon Apr 02 23:22:30 +0000 2018,"RT @realMikeLindell: I did not take my advertising down from @IngrahamAngle and @FoxNews, nor do I intend to. @seanhannity",0.0,0.0,0.0,1.0
367,@FoxNews,Mon Apr 02 23:22:30 +0000 2018,"RT @AnthemRespect: ????????????
FOX NEWS STANDS WITH LAURA

@FoxNews @IngrahamAngle 
???????????
#IstandWithLaura
#BoycottTheBoycotters 

#…",0.0,0.0,0.0,1.0
368,@FoxNews,Mon Apr 02 23:22:30 +0000 2018,@RealJack @FoxNews @IngrahamAngle @seanhannity @realDonaldTrump SO GRATEFUL FOX IS STANDING BEHIND LAURA!! Much app… https://t.co/qrzIZ0zlgD,0.7463,0.276,0.0,0.724
369,@FoxNews,Mon Apr 02 23:22:30 +0000 2018,"@realMikeLindell @IngrahamAngle @FoxNews @seanhannity I like your adds, but I'm sorry I will not support those who… https://t.co/Qi22qXH9uN",-0.3792,0.092,0.227,0.681
370,@FoxNews,Mon Apr 02 23:22:30 +0000 2018,@FoxNews How about putting REAL armed security guards and trained teachers armed with concealed weapons in? Not the… https://t.co/19U7GqqmTH,-0.128,0.108,0.13,0.762
371,@FoxNews,Mon Apr 02 23:22:30 +0000 2018,RT @FoxNews: Students at Florida high school stage walkout in support of Second Amendment https://t.co/u8qoYHEqlW,0.1027,0.15,0.128,0.722
372,@FoxNews,Mon Apr 02 23:22:29 +0000 2018,RT @1handputter: @FoxNews @TuckerCarlson Tucker look into people using Periscope while driving it’s insane I thought texting was bad????,-0.4019,0.0,0.137,0.863
373,@FoxNews,Mon Apr 02 23:22:29 +0000 2018,"@FoxNews I guess the theory here is that if you wear invisible backpacks and then a shooter that walks on campus, w… https://t.co/WHPAWhn6Nb",0.0,0.0,0.0,1.0
374,@FoxNews,Mon Apr 02 23:22:29 +0000 2018,"RT @realMikeLindell: I did not take my advertising down from @IngrahamAngle and @FoxNews, nor do I intend to. @seanhannity",0.0,0.0,0.0,1.0
375,@FoxNews,Mon Apr 02 23:22:29 +0000 2018,@ajm0919 @TrumpyClown @KeysPlayerMusic @connorsdale1 @FoxNews At least you can agree trump is a joke ?,0.5719,0.299,0.0,0.701
376,@FoxNews,Mon Apr 02 23:22:28 +0000 2018,"RT @FoxNews: ""It is in our own interest to have a secure border in our southern border and we're also in favor of having a secure border wi…",0.8591,0.323,0.0,0.677
377,@FoxNews,Mon Apr 02 23:22:28 +0000 2018,"RT @realMikeLindell: I did not take my advertising down from @IngrahamAngle and @FoxNews, nor do I intend to. @seanhannity",0.0,0.0,0.0,1.0
378,@FoxNews,Mon Apr 02 23:22:28 +0000 2018,RT @billemt412: @instapundit @TwitchyTeam @TeamKCP can’t have my 2nd Amendment.  Let’s kick the Democrats out of office!! What a joke @NRA…,0.4184,0.128,0.0,0.872
379,@FoxNews,Mon Apr 02 23:22:27 +0000 2018,"RT @realMikeLindell: I did not take my advertising down from @IngrahamAngle and @FoxNews, nor do I intend to. @seanhannity",0.0,0.0,0.0,1.0
380,@FoxNews,Mon Apr 02 23:22:27 +0000 2018,"@sp1r1tharambe @TraumaQueen33 @rolandsmartin @RealCandaceO @TPUSA @FoxNews @TJMShow Your avatar is offensive, ur at… https://t.co/bI0rARK0d5",-0.4588,0.0,0.188,0.812
381,@FoxNews,Mon Apr 02 23:22:27 +0000 2018,"RT @KurtSchlichter: HELL YEAH, @foxnews. Never give in to threats and bullying! || 
BREAKING: Fox News Releases Statement About Laura Ingra…",-0.8858,0.091,0.382,0.527
382,@FoxNews,Mon Apr 02 23:22:27 +0000 2018,"@FoxNews @PressSec Sarah is awesome I be crushing on her sometimes , she a ninja , her tongue is the sword",0.3818,0.19,0.116,0.694
383,@FoxNews,Mon Apr 02 23:22:26 +0000 2018,@FoxNews Fah-get about it! Griffith showed her true colors,0.4753,0.279,0.0,0.721
384,@FoxNews,Mon Apr 02 23:22:26 +0000 2018,@MelaninMyRights @BLMoverEverytin @FoxNews @dianne_jacob @TeamCavuto I know right,0.0,0.0,0.0,1.0
385,@FoxNews,Mon Apr 02 23:22:26 +0000 2018,@FoxNews  great move having Laura back !?????????,0.6588,0.423,0.0,0.577
386,@FoxNews,Mon Apr 02 23:22:25 +0000 2018,"RT @FoxNews: Huckabee: ""The greatest single characteristic of people on the far left is they have zero sense of humor. I mean, these are th…",0.743,0.223,0.0,0.777
387,@FoxNews,Mon Apr 02 23:22:25 +0000 2018,@FoxNews I never had a backpack. This is how we rolled. https://t.co/whN1kaaTx2,0.0,0.0,0.0,1.0
388,@nytimes,Mon Apr 02 23:22:50 +0000 2018,"RT @MuslimIQ: BREAKING: @nytimes publishes groundbreaking story of rogue bullets that fired themselves to kill an innocent black man

But q…",-0.7845,0.084,0.289,0.627
389,@nytimes,Mon Apr 02 23:22:48 +0000 2018,"RT @NETRetired: Sarah Sanders why won’t @realDonaldTrump’s administration including u warned him on how ignorant he continues to be, @POTUS…",-0.4939,0.0,0.198,0.802
390,@nytimes,Mon Apr 02 23:22:48 +0000 2018,@nytimes This is heart breaking. My dad always said being a dairy farmer was one of the hardest and most demanding job on earth.,-0.2944,0.0,0.091,0.909
391,@nytimes,Mon Apr 02 23:22:45 +0000 2018,"RT @MuslimIQ: BREAKING: @nytimes publishes groundbreaking story of rogue bullets that fired themselves to kill an innocent black man

But q…",-0.7845,0.084,0.289,0.627
392,@nytimes,Mon Apr 02 23:22:44 +0000 2018,@dapsixer @John_KissMyBot @nytimes @BobHugin Hugin didn’t give money to Menendez,0.0,0.0,0.0,1.0
393,@nytimes,Mon Apr 02 23:22:44 +0000 2018,"young @mirandarbarnes work up in the @nytimes 

21 Love Salute

https://t.co/WcMh96DOzS",0.6369,0.296,0.0,0.704
394,@nytimes,Mon Apr 02 23:22:43 +0000 2018,RT @PTXofficial: We’ll be stopping by @TimesTalks in NYC on April 15th to chat and sing with @nytimes as part of their special 20th Anniver…,0.2732,0.099,0.059,0.842
395,@nytimes,Mon Apr 02 23:22:43 +0000 2018,@FrankGreenwell4 @nytimes Your service was a waste of time.  Since you obviously don't believe anyone should have that right.,-0.4215,0.0,0.141,0.859
396,@nytimes,Mon Apr 02 23:22:39 +0000 2018,From @nytimes: “Such goals seem &lt;farther&gt; away than ever. Neither Mr. Netanyahu nor Mr. Trump &lt;has&gt; shown serious interest in a....”,0.4019,0.129,0.056,0.815
397,@nytimes,Mon Apr 02 23:22:39 +0000 2018,"RT @nytimes: One dairy farmer shot all 51 of his milking cows and then turned the gun on himself. 

The dairy industry across the U.S. is i…",-0.34,0.0,0.085,0.915
398,@nytimes,Mon Apr 02 23:22:37 +0000 2018,Teachers Go on Strike in Oklahoma and Kentucky: ‘It Really Is a Wildfire’   via @NYTimes https://t.co/NYCVcpBfEp,-0.128,0.0,0.097,0.903
399,@nytimes,Mon Apr 02 23:22:32 +0000 2018,"RT @nytimes: More than 200 dolphins that died in Brazil were “environmental sentinels,” a biologist says. “When something is wrong with the…",-0.7717,0.0,0.261,0.739
400,@nytimes,Mon Apr 02 23:22:31 +0000 2018,RT @DrMahmoudRefaat: #Egypt: #Sisi pretends 24 million participated in #EgyptElection2018 while world media reported no voters in ballots c…,-0.3818,0.0,0.175,0.825
401,@nytimes,Mon Apr 02 23:22:31 +0000 2018,@nytimes I'm not drinking that sad excuse for a beverage known as almond milk so someone fix this crisis,-0.4626,0.162,0.205,0.632
402,@nytimes,Mon Apr 02 23:22:29 +0000 2018,"@nytimes Environmental issues need to be faced and fixed by all nations, but mainly by those considered more develo… https://t.co/cloAUE2esn",0.0,0.0,0.0,1.0
403,@nytimes,Mon Apr 02 23:22:27 +0000 2018,"RT @nytimes: More than 200 dolphins that died in Brazil were “environmental sentinels,” a biologist says. “When something is wrong with the…",-0.7717,0.0,0.261,0.739
404,@nytimes,Mon Apr 02 23:22:26 +0000 2018,"RT @nytimes: More than 200 dolphins that died in Brazil were “environmental sentinels,” a biologist says. “When something is wrong with the…",-0.7717,0.0,0.261,0.739
405,@nytimes,Mon Apr 02 23:22:24 +0000 2018,"RT @memeddrews: Tourismus Boykott für die Türkei
#BoycottTurkeyTourism
@BILD
@DeutscheWelle
@AFP
@nytimes
@CNN
@BBCBreaking
@BBCWorld
@Reut…",-0.5994,0.0,0.206,0.794
406,@nytimes,Mon Apr 02 23:22:23 +0000 2018,"RT @nytimes: More than 200 dolphins that died in Brazil were “environmental sentinels,” a biologist says. “When something is wrong with the…",-0.7717,0.0,0.261,0.739
407,@nytimes,Mon Apr 02 23:22:21 +0000 2018,"At Pruitt’s E.P.A.: No Studies, No Data, No Rules   via @NYTimes #saveourplanet #resist https://t.co/xFXzMhexup",-0.6808,0.0,0.375,0.625
408,@nytimes,Mon Apr 02 23:22:20 +0000 2018,RT @nytimes: Why Sinclair made dozens of local TV news anchors recite the same script https://t.co/c0rMxKmTLy,0.0,0.0,0.0,1.0
409,@nytimes,Mon Apr 02 23:22:15 +0000 2018,@Trumpislife16 @nytimes ya vol mein fuhrer,0.0,0.0,0.0,1.0
410,@nytimes,Mon Apr 02 23:22:13 +0000 2018,RT @RealJamesWoods: Of course the @nytimes finds a way to spin the taking jobs from American citizens as a good thing.  https://t.co/HtxlxI…,0.4404,0.132,0.0,0.868
411,@nytimes,Mon Apr 02 23:22:13 +0000 2018,What to know what is NOT congestion pricing &amp; NOT fair rules across all modes? Read my @nytimes OpEd  https://t.co/A09Weflow9,0.3182,0.108,0.0,0.892
412,@nytimes,Mon Apr 02 23:22:12 +0000 2018,"RT @nytimes: Micheal Brown applied to 20 highly selective colleges.
He got into all of them.
They all offered him full rides. https://t.co/…",0.0,0.0,0.0,1.0
413,@nytimes,Mon Apr 02 23:22:11 +0000 2018,RT @UniteWomenNJ: @peterdaou is correct. @MSNBC &amp; almost all stations did propaganda-type of script vs @HillaryClinton. Still do! @nytimes…,0.0,0.0,0.0,1.0
414,@nytimes,Mon Apr 02 23:22:10 +0000 2018,"RT @nytimes: One dairy farmer shot all 51 of his milking cows and then turned the gun on himself. 

The dairy industry across the U.S. is i…",-0.34,0.0,0.085,0.915
415,@nytimes,Mon Apr 02 23:22:10 +0000 2018,RT @nytimes: China just hit back at President Trump’s tariffs on steel and aluminum. The country placed tariffs on pork and 127 other U.S.…,0.0,0.0,0.0,1.0
416,@nytimes,Mon Apr 02 23:22:07 +0000 2018,"RT @nytimes: More than 200 dolphins that died in Brazil were “environmental sentinels,” a biologist says. “When something is wrong with the…",-0.7717,0.0,0.261,0.739
417,@nytimes,Mon Apr 02 23:22:05 +0000 2018,RT @RealJamesWoods: Of course the @nytimes finds a way to spin the taking jobs from American citizens as a good thing.  https://t.co/HtxlxI…,0.4404,0.132,0.0,0.868
418,@nytimes,Mon Apr 02 23:22:04 +0000 2018,@DudeForThought1 @ettorenamias @nytimes I've had a lot of jobs and I've never had to weigh in!!,0.0,0.0,0.0,1.0
419,@nytimes,Mon Apr 02 23:22:01 +0000 2018,"RT @nytimes: One dairy farmer shot all 51 of his milking cows and then turned the gun on himself. 

The dairy industry across the U.S. is i…",-0.34,0.0,0.085,0.915
420,@nytimes,Mon Apr 02 23:21:57 +0000 2018,"RT @drkellyhenning: As the @nytimes reports, schools around the country are struggling to contain and prevent kids from vaping. These produ…",-0.4019,0.048,0.122,0.83
421,@nytimes,Mon Apr 02 23:21:57 +0000 2018,RT @AdatagRT: @WSCP1 @Ginlefebvre @CNN @nytimes @washingtonpost @MSNBC @CBSNews @abcnews @nprpolitics @IngrahamAngle #IStandWithLaura again…,0.0,0.0,0.0,1.0
422,@nytimes,Mon Apr 02 23:21:55 +0000 2018,"RT @nytimes: More than 200 dolphins that died in Brazil were “environmental sentinels,” a biologist says. “When something is wrong with the…",-0.7717,0.0,0.261,0.739
423,@nytimes,Mon Apr 02 23:21:54 +0000 2018,"RT @nytimes: More than 200 dolphins that died in Brazil were “environmental sentinels,” a biologist says. “When something is wrong with the…",-0.7717,0.0,0.261,0.739
424,@nytimes,Mon Apr 02 23:21:53 +0000 2018,RT @RealJamesWoods: Of course the @nytimes finds a way to spin the taking jobs from American citizens as a good thing.  https://t.co/HtxlxI…,0.4404,0.132,0.0,0.868
425,@nytimes,Mon Apr 02 23:21:52 +0000 2018,"@martycranford @nytimes You never heard of goat cheese, milk or ice cream either...you are udderly sheltered.",0.0,0.0,0.0,1.0
426,@nytimes,Mon Apr 02 23:21:50 +0000 2018,@KatyTurNBC @MSNBC @CNN @AriMelber @JoyAnnReid @CoryBooker @KamalaHarris @FBI @chrislhayes @maddow @PhilMurphyNJ… https://t.co/728EljUBrN,0.0,0.0,0.0,1.0
427,@nytimes,Mon Apr 02 23:21:49 +0000 2018,RT @RealJamesWoods: Of course the @nytimes finds a way to spin the taking jobs from American citizens as a good thing.  https://t.co/HtxlxI…,0.4404,0.132,0.0,0.868
428,@nytimes,Mon Apr 02 23:21:48 +0000 2018,"RT @nytimes: More than 200 dolphins that died in Brazil were “environmental sentinels,” a biologist says. “When something is wrong with the…",-0.7717,0.0,0.261,0.739
429,@nytimes,Mon Apr 02 23:21:46 +0000 2018,"RT @MuslimIQ: BREAKING: @nytimes publishes groundbreaking story of rogue bullets that fired themselves to kill an innocent black man

But q…",-0.7845,0.084,0.289,0.627
430,@nytimes,Mon Apr 02 23:21:45 +0000 2018,"RT @nytimes: More than 200 dolphins that died in Brazil were “environmental sentinels,” a biologist says. “When something is wrong with the…",-0.7717,0.0,0.261,0.739
431,@nytimes,Mon Apr 02 23:21:42 +0000 2018,@MusicalKasparov @ArtDrawerGuy @nytimes Lol when poison-free milk is socialism,0.4215,0.259,0.0,0.741
432,@nytimes,Mon Apr 02 23:21:41 +0000 2018,RT @RealJamesWoods: Of course the @nytimes finds a way to spin the taking jobs from American citizens as a good thing.  https://t.co/HtxlxI…,0.4404,0.132,0.0,0.868
433,@nytimes,Mon Apr 02 23:21:39 +0000 2018,"RT @MuslimIQ: BREAKING: @nytimes publishes groundbreaking story of rogue bullets that fired themselves to kill an innocent black man

But q…",-0.7845,0.084,0.289,0.627
434,@nytimes,Mon Apr 02 23:21:39 +0000 2018,"China Slaps Tariffs on 128 U.S. Products, Including Wine, Pork and Pipes   via @NYTimes Go ahead hate On us becus O… https://t.co/2NSNXXwEft",-0.5719,0.0,0.15,0.85
435,@nytimes,Mon Apr 02 23:21:37 +0000 2018,RT @NYTimesPR: .@nytimes global growth editor @millie named to @EditorPublisher 25 under 35 in 2018 https://t.co/HBuFDsbYj6 https://t.co/Qw…,0.3818,0.14,0.0,0.86
436,@nytimes,Mon Apr 02 23:21:34 +0000 2018,"RT @nytimes: One dairy farmer shot all 51 of his milking cows and then turned the gun on himself. 

The dairy industry across the U.S. is i…",-0.34,0.0,0.085,0.915
437,@nytimes,Mon Apr 02 23:21:33 +0000 2018,"RT @nytimes: More than 200 dolphins that died in Brazil were “environmental sentinels,” a biologist says. “When something is wrong with the…",-0.7717,0.0,0.261,0.739
438,@nytimes,Mon Apr 02 23:21:33 +0000 2018,"RT @MuslimIQ: BREAKING: @nytimes publishes groundbreaking story of rogue bullets that fired themselves to kill an innocent black man

But q…",-0.7845,0.084,0.289,0.627
439,@nytimes,Mon Apr 02 23:21:33 +0000 2018,RT @AdatagRT: @WSCP1 @Ginlefebvre @CNN @nytimes @washingtonpost @MSNBC @CBSNews @abcnews @nprpolitics @IngrahamAngle #IStandWithLaura again…,0.0,0.0,0.0,1.0
440,@nytimes,Mon Apr 02 23:21:29 +0000 2018,"RT @DrBassettDOHMH: My response to David Reich’s @nytimes Sunday Review piece on race and genetics. For the sake of public health, let’s no…",0.0,0.0,0.0,1.0
441,@nytimes,Mon Apr 02 23:21:29 +0000 2018,Facebook is not the problem. Lax privacy rules are. More via @NYtimes:  https://t.co/ad2ud7EGyb https://t.co/kMVWYS1r0i,0.3089,0.148,0.0,0.852
442,@nytimes,Mon Apr 02 23:21:27 +0000 2018,RT @UniteWomenNJ: @peterdaou is correct. @MSNBC &amp; almost all stations did propaganda-type of script vs @HillaryClinton. Still do! @nytimes…,0.0,0.0,0.0,1.0
443,@nytimes,Mon Apr 02 23:21:27 +0000 2018,"RT @nytimes: Micheal Brown applied to 20 highly selective colleges.
He got into all of them.
They all offered him full rides. https://t.co/…",0.0,0.0,0.0,1.0
444,@nytimes,Mon Apr 02 23:21:27 +0000 2018,"RT @BobHugin: New Jersey deserves better.
“The indictment, the first federal bribery charges against a sitting senator in a generation” --@…",0.2023,0.132,0.095,0.773
445,@nytimes,Mon Apr 02 23:21:26 +0000 2018,"El presidente @realDonaldTrump es una vergüenza para los Estados Unidos. Políticamente, este loco esta muerto. Cont… https://t.co/T9Dixz6tGE",0.0,0.0,0.0,1.0
446,@nytimes,Mon Apr 02 23:21:26 +0000 2018,"RT @nytimes: President Trump is nominating an economic moderate to the No. 2 job at the Treasury, even as Trump takes a more hawkish stance…",-0.1027,0.072,0.088,0.84
447,@nytimes,Mon Apr 02 23:21:24 +0000 2018,RT @UniteWomenNJ: @peterdaou is correct. @MSNBC &amp; almost all stations did propaganda-type of script vs @HillaryClinton. Still do! @nytimes…,0.0,0.0,0.0,1.0
448,@nytimes,Mon Apr 02 23:21:23 +0000 2018,"RT @ramirp: 18) Article al @nytimes : ""La disputa Catalana atrapa a Alemanya.""
https://t.co/ZAfr61wKN7",0.0,0.0,0.0,1.0
449,@nytimes,Mon Apr 02 23:21:20 +0000 2018,@nytimes Satubpwrsialankenapa rusia menembak jatuh pesawat MAS..dalam kapal terbang.membawak ramai cerdik pandai da… https://t.co/Ue5saJIbYq,0.0,0.0,0.0,1.0
450,@nytimes,Mon Apr 02 23:21:16 +0000 2018,@nytimes It isn’t milk alternatives putting farmers out of business- it is the broken gov milk pricing system. Dair… https://t.co/70Vl6ZlIat,-0.4767,0.0,0.14,0.86
451,@nytimes,Mon Apr 02 23:21:16 +0000 2018,@nytimes People of colour? What colour?,0.0,0.0,0.0,1.0
452,@nytimes,Mon Apr 02 23:21:15 +0000 2018,"RT @nytimes: No sweatpants in public, ""ideal body weight"" requirements and personal hygiene tips: A look inside the rule books for NFL chee…",0.296,0.133,0.086,0.781
453,@nytimes,Mon Apr 02 23:21:13 +0000 2018,"RT @MuslimIQ: BREAKING: @nytimes publishes groundbreaking story of rogue bullets that fired themselves to kill an innocent black man

But q…",-0.7845,0.084,0.289,0.627
454,@nytimes,Mon Apr 02 23:21:12 +0000 2018,@MullyFein @churchofbasebal @nytimes Also amazing since the shooting and suicide happened in 2010.,-0.1779,0.197,0.233,0.57
455,@nytimes,Mon Apr 02 23:21:11 +0000 2018,"RT @mazzoned: #plataformas Por qué boicotear a #Facebook #Apple o #Google es inútil: son inevitables, si no fueran ellas, serían otras simi…",-0.296,0.0,0.104,0.896
456,@nytimes,Mon Apr 02 23:21:09 +0000 2018,RT @AdatagRT: @WSCP1 @Ginlefebvre @CNN @nytimes @washingtonpost @MSNBC @CBSNews @abcnews @nprpolitics @IngrahamAngle #IStandWithLaura again…,0.0,0.0,0.0,1.0
457,@nytimes,Mon Apr 02 23:21:09 +0000 2018,RT @MariaTsevdos: @Almagro_OEA2015 @marcorubio @realDonaldTrump @CNN @cnni @CNNEE @BBCWorld @nytimes @DLasAmericas @NTN24 @adn_maye @LilyYD…,0.0,0.0,0.0,1.0
458,@nytimes,Mon Apr 02 23:21:04 +0000 2018,"RT @MuslimIQ: BREAKING: @nytimes publishes groundbreaking story of rogue bullets that fired themselves to kill an innocent black man

But q…",-0.7845,0.084,0.289,0.627
459,@nytimes,Mon Apr 02 23:21:03 +0000 2018,"RT @MagaApplePie: ?Happy Anniversary Bob Menendez

?On this day, 3 years ago, Bob Menendez was indicted on corruption charges while @nytime…",-0.2732,0.0,0.1,0.9
460,@nytimes,Mon Apr 02 23:21:01 +0000 2018,"RT @nytimes: One dairy farmer shot all 51 of his milking cows and then turned the gun on himself. 

The dairy industry across the U.S. is i…",-0.34,0.0,0.085,0.915
461,@nytimes,Mon Apr 02 23:20:59 +0000 2018,RT @MariaTsevdos: @Almagro_OEA2015 @marcorubio @realDonaldTrump @CNN @cnni @CNNEE @BBCWorld @nytimes @DLasAmericas @NTN24 @adn_maye @LilyYD…,0.0,0.0,0.0,1.0
462,@nytimes,Mon Apr 02 23:20:59 +0000 2018,"@Trumpislife16 @nytimes and your response is an infantile move; just like your boy, Spanky Trump, does constantly.",0.3612,0.135,0.0,0.865
463,@nytimes,Mon Apr 02 23:20:58 +0000 2018,"RT @CTATech: “disagreement in one area does not mean we cannot work together in others,” @GaryShapiro and others discuss how Silicon Valley…",0.0,0.0,0.0,1.0
464,@nytimes,Mon Apr 02 23:20:54 +0000 2018,@MusicalKasparov @ArtDrawerGuy @nytimes “Bankrupted”?  You mean when the government allows you to use laws to walk… https://t.co/qXRVuujG8u,0.0,0.0,0.0,1.0
465,@nytimes,Mon Apr 02 23:20:54 +0000 2018,"RT @MuslimIQ: BREAKING: @nytimes publishes groundbreaking story of rogue bullets that fired themselves to kill an innocent black man

But q…",-0.7845,0.084,0.289,0.627
466,@nytimes,Mon Apr 02 23:20:53 +0000 2018,"@teemcee @nytimes record the evening news on CNN, NBC,MSNBC, CBS then read the headlines from New York Times and Wa… https://t.co/nzy2xlgiqn",0.0,0.0,0.0,1.0
467,@nytimes,Mon Apr 02 23:20:52 +0000 2018,"RT @nytimes: More than 200 dolphins that died in Brazil were “environmental sentinels,” a biologist says. “When something is wrong with the…",-0.7717,0.0,0.261,0.739
468,@nytimes,Mon Apr 02 23:20:50 +0000 2018,"RT @nytimes: As vaping rises at high schools and middle schools, officials are worried e-cigarettes are creating a new generation of nicoti…",0.0,0.094,0.094,0.812
469,@nytimes,Mon Apr 02 23:20:50 +0000 2018,"RT @nytimes: A 77-year-old who owns an estimated 75 guns: ""It'll go away. Like all the other times.""
A 17-year-old who protests: ""They’re l…",0.1531,0.102,0.078,0.82
470,@nytimes,Mon Apr 02 23:20:49 +0000 2018,RT @nytimes: Why Sinclair made dozens of local TV news anchors recite the same script https://t.co/c0rMxKmTLy,0.0,0.0,0.0,1.0
471,@nytimes,Mon Apr 02 23:20:42 +0000 2018,"RT @nytimes: More than 200 dolphins that died in Brazil were “environmental sentinels,” a biologist says. “When something is wrong with the…",-0.7717,0.0,0.261,0.739
472,@nytimes,Mon Apr 02 23:20:42 +0000 2018,"RT @StopIllatosut: @_jayne79 @homelessdogmuze these eyes! ! more &amp; more HUMAN EYES ARE WATCHING US OUT OF A DOG´S FACE  @1NOKILL 
@ThreeDog…",0.0,0.0,0.0,1.0
473,@nytimes,Mon Apr 02 23:20:42 +0000 2018,"RT @VillanovaU: ""You Know Sister Jean. 
Meet Father Rob.""

via @nytimes.

 https://t.co/TFQy9FU0ar https://t.co/qBiI1l0uEk",0.0,0.0,0.0,1.0
474,@nytimes,Mon Apr 02 23:20:41 +0000 2018,"RT @MagaApplePie: ?Happy Anniversary Bob Menendez

?On this day, 3 years ago, Bob Menendez was indicted on corruption charges while @nytime…",-0.2732,0.0,0.1,0.9
475,@nytimes,Mon Apr 02 23:20:40 +0000 2018,"RT @nytimes: More than 200 dolphins that died in Brazil were “environmental sentinels,” a biologist says. “When something is wrong with the…",-0.7717,0.0,0.261,0.739
476,@nytimes,Mon Apr 02 23:20:40 +0000 2018,RT @RealJamesWoods: Of course the @nytimes finds a way to spin the taking jobs from American citizens as a good thing.  https://t.co/HtxlxI…,0.4404,0.132,0.0,0.868
477,@nytimes,Mon Apr 02 23:20:39 +0000 2018,@bobwrightnbc @SteveBenen @CoryGn @Oleta @TriciaMcKinney @WillAtWork @maddow @MaddowBlog @washingtonpost @latimes… https://t.co/UxY2JBg9wG,0.0,0.0,0.0,1.0
478,@nytimes,Mon Apr 02 23:20:37 +0000 2018,"RT @nytimes: President Trump suggested Putin visit the White House, officials say https://t.co/WcdFrTkGk1",0.0,0.0,0.0,1.0
479,@nytimes,Mon Apr 02 23:20:28 +0000 2018,"RT @nytimes: Katrina Ruff, a local teacher in Oklahoma City, carried a sign that read, “Thanks to West Virginia.” 

“They gave us the guts…",0.0,0.0,0.0,1.0
480,@nytimes,Mon Apr 02 23:20:27 +0000 2018,RT @theremonstrator: Teachers Go on Strike in Oklahoma and Kentucky: ‘It Really Is a Wildfire’   via @NYTimes https://t.co/JJBeON3uQq,-0.128,0.0,0.086,0.914
481,@nytimes,Mon Apr 02 23:20:26 +0000 2018,RT @AnOpenSecret: @alexrossmusic @JamesStewartNYT @nytimes @NewYorker @RBlumenstein what is your response to this? https://t.co/zjL0kKNJI9,0.0,0.0,0.0,1.0
482,@nytimes,Mon Apr 02 23:20:26 +0000 2018,RT @nytimes: Amia Tyrae is at least the 7th transgender woman killed in the U.S. this year. She “was taken away in the very manner she fear…,-0.6705,0.0,0.148,0.852
483,@nytimes,Mon Apr 02 23:20:23 +0000 2018,"RT @J_LIVRES: Após o atentato a bala contra a caravana de Lula, o @nytimes, maior jornal do mundo, destacou fala do ex-presidente em que af…",0.0,0.0,0.0,1.0
484,@nytimes,Mon Apr 02 23:20:20 +0000 2018,RT @DanielleRamo: Great coverage from @nytimes https://t.co/VXpDZKdCtt @UCSFPsychiatry #teen #vaping,0.6249,0.313,0.0,0.687
485,@nytimes,Mon Apr 02 23:20:17 +0000 2018,Israel Courts Catastrophe in Gaza Protests   via @NYTimes https://t.co/Zhjre506Jd,-0.743,0.0,0.474,0.526
486,@nytimes,Mon Apr 02 23:20:16 +0000 2018,How the Party of Lincoln Became the Party of Racial Backlash   via @NYTimes https://t.co/5JLEE6UX3Z,0.6597,0.31,0.0,0.69
487,@nytimes,Mon Apr 02 23:20:16 +0000 2018,@NYFarmer @brockmiles @nytimes I absolutely crave &amp; Love Milk!!! Thank You for all the Great Dairy Products your milk is Responsible for!!!,0.9385,0.461,0.0,0.539
